truckId,truckName,businessPhone,normalizedPhone,status,confidence,matchedSourceUrls,conflictingPhones,checkedSourceCount,sourceErrorCount,notes
seed-dmv-prod-3-hermanos-food-truck-taqueria-y-pupuseria-takoma-park-maryland,3 Hermanos: Food Truck Taqueria Y Pupuseria,(240) 481-1390,2404811390,verified_on_current_source,high,https://www.restaurantji.com/md/takoma-park/3-hermanos-food-truck-taqueria-y-pupuseria-/,,2,0,Stored phone appears on at least one linked current source page.
seed-us-curated-100-808-grinds-food-cart-gigantic-brewery-5226-se-26th-ave-portland-oregon-97202,808 Grinds Food Cart – Gigantic Brewery,(503) 941-6637,5039416637,verified_on_current_source,high,https://808grinds.com/ | https://www.restaurantji.com/or/portland/808-grinds-gigantic-/ | https://www.restaurantji.com/cache/business_page/or/portland/808-grinds-gigantic-/business.json,(503) 477-9976 | (503) 992-6339 | (971) 438-6280,4,0,Stored phone appears on at least one linked current source page.
seed-dmv-prod-ada-s-kitchen-on-wheels-burke-virginia,Ada's Kitchen On Wheels,(571) 296-6056,5712966056,verified_on_current_source,high,https://www.restaurantji.com/va/burke/adas-kitchen-on-wheels-/,,2,0,Stored phone appears on at least one linked current source page.
seed-us-curated-100-al-shami-food-truck-sugarland-11836-s-texas-6-sugar-land-texas-77498,Al-Shami (Food Truck) Sugarland,(713) 373-9389,7133739389,verified_on_current_source,high,https://www.restaurantji.com/tx/sugar-land/al-shami-food-truck-sugarland-/ | https://www.restaurantji.com/cache/business_page/tx/sugar-land/al-shami-food-truck-sugarland-/business.json,(643) 848-4999 | (210) 859-9999,5,0,Stored phone appears on at least one linked current source page.
seed-us-curated-100-alos-tacos-food-truck-2001-w-43rd-st-chicago-illinois-60609,Alos Tacos Food Truck,(773) 937-7647,7739377647,verified_on_current_source,high,https://sites.google.com/view/alostacosfoodtruckcom/home | https://www.restaurantji.com/il/chicago/alos-tacos-/ | https://www.restaurantji.com/cache/business_page/il/chicago/alos-tacos-/business.json,,4,0,Stored phone appears on at least one linked current source page.
seed-us-curated-100-american-and-mexican-tasty-flavors-food-truck-111-summit-st-hartford-connecticut-06114,American & Mexican Tasty Flavors Food Truck,(860) 985-3532,8609853532,verified_on_current_source,high,https://www.restaurantji.com/ct/hartford/american-and-mexican-tasty-flavors-food-truck-/ | https://www.restaurantji.com/cache/business_page/ct/hartford/american-and-mexican-tasty-flavors-food-truck-/business.json,,5,0,Stored phone appears on at least one linked current source page.
seed-dmv-prod-amrutha-food-truck-ellicott-city-maryland,Amrutha Food Truck,(443) 563-0404,4435630404,verified_on_current_source,high,https://www.restaurantji.com/md/ellicott-city/amrutha-/,,2,1,Stored phone appears on at least one linked current source page.
seed-dmv-prod-angel-s-tipicos-food-truck-arlington-virginia,Angel's Tipicos Food Truck,(301) 266-3558,3012663558,verified_on_current_source,high,https://www.restaurantji.com/va/arlington/angels-tipicos-food-truck-/,,3,0,Stored phone appears on at least one linked current source page.
seed-dmv-prod-angelic-s-kitchen-food-truck-charlottesville-virginia,Angelic’s Kitchen Food Truck,(434) 962-6695,4349626695,verified_on_current_source,high,https://www.restaurantji.com/va/charlottesville/angelic-s-kitchen-food-truck-/,,3,0,Stored phone appears on at least one linked current source page.
seed-dmv-prod-antojitos-mexicanos-betel-mexican-food-truck-rosedale-maryland,Antojitos Mexicanos Betel - Mexican Food Truck,(443) 979-6515,4439796515,verified_on_current_source,high,https://www.restaurantji.com/md/rosedale/antojitos-mexicanos-betel-mexican-food-truck-/,,2,0,Stored phone appears on at least one linked current source page.
x1r43UqrviaUtJ86kiVm,Arts Pastramis,(310) 242-1059,3102421059,not_found_on_linked_sources,review,,,2,0,Stored phone is format-valid but was not found on fetched linked source pages.
seed-dmv-prod-ayat-halal-food-cart-arlington-virginia,Ayat Halal Food Cart,(703) 624-0212,7036240212,verified_on_current_source,high,https://www.restaurantji.com/va/arlington/metro-halal-food-cart-/,,2,0,Stored phone appears on at least one linked current source page.
seed-us-curated-100-azulindo-food-truck-4645-vernor-w-detroit-michigan-48209,Azulindo food truck,(313) 518-4339,3135184339,verified_on_current_source,high,https://www.restaurantji.com/mi/detroit/azulindo-food-truck-/ | https://www.restaurantji.com/cache/business_page/mi/detroit/azulindo-food-truck-/business.json,,6,0,Stored phone appears on at least one linked current source page.
qV12x5TEwZANLZiPcqD1,B-More Mojo,(410) 596-7307,4105967307,verified_on_current_source,high,https://bmoremojo.com/,,3,1,Stored phone appears on at least one linked current source page.
seed-dmv-prod-b-more-mojo-food-truck-bmore-mojo-kitchen-and-carryout-owings-mills-maryland,B-More Mojo Food Truck/Bmore Mojo Kitchen & Carryout,(410) 567-0356,4105670356,verified_on_current_source,high,https://www.restaurantji.com/md/owings-mills/b-more-mojo-food-truck-bmore-mojo-kitchen-and-carryout-/,(410) 596-7307,2,1,Stored phone appears on at least one linked current source page.
seed-us-curated-100-bangkok99-food-truck-13001-lake-city-way-ne-seattle-washington-98125,Bangkok99 Food Truck,(206) 369-2211,2063692211,verified_on_current_source,high,https://www.restaurantji.com/wa/seattle/bangkok-food-truck-/ | https://www.restaurantji.com/cache/business_page/wa/seattle/bangkok-food-truck-/business.json,,5,0,Stored phone appears on at least one linked current source page.
QPUCbdV7zZuXZQwsK8VU,BeeSmoke Shack,,,missing_phone_source_candidates,review,,(301) 262-6200 | (240) 544-5700 | (301) 262-5013,2,0,"No businessPhone is stored, but linked source pages exposed possible phone candidates for manual review."
eNfTzWRYbN3BxZk7hKeV,Big Back Burgers,(717) 672-6296,7176726296,not_found_on_linked_sources,review,,,3,0,Stored phone is format-valid but was not found on fetched linked source pages.
seed-us-curated-100-big-tex-bbq-food-truck-13100-northlake-blvd-west-palm-beach-florida-33412,Big Tex Bbq Food Truck,(972) 697-8064,9726978064,verified_on_current_source,high,https://www.bigtexbarbecue.com/ | https://www.restaurantji.com/fl/west-palm-beach/big-tex-bbq-food-truck-/ | https://www.restaurantji.com/cache/business_page/fl/west-palm-beach/big-tex-bbq-food-truck-/business.json,,5,0,Stored phone appears on at least one linked current source page.
seed-us-curated-100-black-s-sliders-food-truck-616-s-500-w-salt-lake-city-utah-84101,BLACK'S SLIDERS FOOD TRUCK,(979) 549-1449,9795491449,verified_on_current_source,high,http://www.blackssliders.com/ | https://www.restaurantji.com/ut/salt-lake-city/blacks-sliders-food-truck-/ | https://www.restaurantji.com/cache/business_page/ut/salt-lake-city/blacks-sliders-food-truck-/business.json,,5,0,Stored phone appears on at least one linked current source page.
AzGp8IHhKsh4EJlfINzP,Blanca's Snow Cones - Shaved Ice,(240) 401-6263,2404016263,not_found_on_linked_sources,review,,,2,0,Stored phone is format-valid but was not found on fetched linked source pages.
seed-dmv-prod-bootheel-barbecue-and-southern-catering-southernfoodtruck-com-arlington-virginia,Bootheel Barbecue & Southern Catering / SouthernFoodTruck.com,(703) 618-8003,7036188003,verified_on_current_source,high,https://www.restaurantji.com/va/arlington/bootheel-bbq-and-southern-catering-/,,1,1,Stored phone appears on at least one linked current source page.
seed-dmv-prod-borjas-food-truck-2-ellicott-city-maryland,Borjas food truck #2,(443) 337-1102,4433371102,verified_on_current_source,high,https://www.restaurantji.com/md/ellicott-city/borjas-food-truck-2-/,,2,0,Stored phone appears on at least one linked current source page.
seed-us-curated-100-breaking-buns-reed-5523-se-28th-ave-portland-oregon-97202,Breaking Buns- Reed,(503) 728-8207,5037288207,verified_on_current_source,high,https://www.breakingbunspdx.com/ | https://www.restaurantji.com/or/portland/breaking-buns-food-cart-/ | https://www.restaurantji.com/cache/business_page/or/portland/breaking-buns-food-cart-/business.json,,5,0,Stored phone appears on at least one linked current source page.
seed-photos-3-001-breaking-the-borders-food-truck-elkridge-maryland,Breaking the Borders Food Truck,(410) 903-5360,4109035360,verified_on_current_source,high,https://www.foodtrucksin.com/breaking-borders-food-truck,,1,2,Stored phone appears on at least one linked current source page.
seed-us-curated-100-brite-ice-sno-cones-and-carnival-treats-12900-e-31st-st-tulsa-oklahoma-74134,Brite Ice Sno Cones & Carnival Treats,(918) 954-3743,9189543743,verified_on_current_source,high,https://www.restaurantji.com/ok/tulsa/brite-ice-sno-cones-food-truck-/ | https://www.restaurantji.com/cache/business_page/ok/tulsa/brite-ice-sno-cones-food-truck-/business.json,(405) 331-6543,5,0,Stored phone appears on at least one linked current source page.
seed-us-curated-100-bruno-s-foodtruck-llc-1505-nw-1st-ave-fort-lauderdale-florida-33311,BRUNO'S FOODTRUCK LLC,(954) 864-9679,9548649679,verified_on_current_source,high,https://www.brunoseats365.com/ | https://www.restaurantji.com/fl/fort-lauderdale/brunos-catering-foodtruck-llc-/ | https://www.restaurantji.com/cache/business_page/fl/fort-lauderdale/brunos-catering-foodtruck-llc-/business.json,,5,0,Stored phone appears on at least one linked current source page.
seed-dmv-prod-burrito-ranchero-food-truck-2-germantown-maryland,Burrito Ranchero - Food Truck 2,(240) 404-8779,2404048779,verified_on_current_source,high,https://www.restaurantji.com/md/germantown/burrito-ranchero-food-truck-2-/,(628) 783-4136,2,0,Stored phone appears on at least one linked current source page.
seed-dmv-prod-caribbean-grill-food-truck-richmond-virginia,Caribbean Grill Food Truck,(804) 814-6194,8048146194,verified_on_current_source,high,https://www.restaurantji.com/va/richmond/caribbean-grill-food-truck-/,,1,1,Stored phone appears on at least one linked current source page.
seed-dmv-prod-char-d-mclean-virginia,CHAR'D,(571) 626-1314,5716261314,verified_on_current_source,high,https://www.restaurantji.com/va/mclean/char-d-/,,3,0,Stored phone appears on at least one linked current source page.
seed-us-curated-100-chennai-flavors-food-truck-55-christopher-columbus-dr-jersey-city-new-jersey-07302,Chennai Flavors Food Truck,(201) 668-9685,2016689685,verified_on_current_source,high,https://www.restaurantji.com/nj/jersey-city/chennai-flavors-food-truck-/ | https://www.restaurantji.com/cache/business_page/nj/jersey-city/chennai-flavors-food-truck-/business.json,,6,0,Stored phone appears on at least one linked current source page.
seed-photos-3-001-chesapeake-food-works-camden-bbq-elkridge-maryland,Chesapeake Food Works Camden BBQ,(443) 956-9800,4439569800,source_phone_mismatch,review,,(410) 247-1919,4,0,Linked source pages exposed one or more different phone numbers.
HCTEKuTN2f0kvumM69LJ,Chevere Bites,(443) 358-7652,4433587652,verified_on_current_source,high,https://cheverebites.com/,(443) 988-4368,6,1,Stored phone appears on at least one linked current source page.
seed-dmv-prod-chofita-s-food-truck-manassas-virginia,Chofita’s Food truck,(703) 364-8914,7033648914,verified_on_current_source,high,https://www.restaurantji.com/va/manassas/chofita-s-food-truck-/,,2,0,Stored phone appears on at least one linked current source page.
seed-us-curated-100-cilantro-and-tacos-food-truck-2235-old-salisbury-rd-winston-salem-north-carolina-27127,Cilantro & Tacos (Food Truck),(336) 493-1040,3364931040,verified_on_current_source,high,https://www.cilantroandtacos.com/,(336) 293-8360,5,0,Stored phone appears on at least one linked current source page.
seed-dmv-prod-comida-latina-rosy-food-truck-charlottesville-virginia,Comida Latina Rosy Food Truck,(434) 806-6970,4348066970,verified_on_current_source,high,https://www.restaurantji.com/va/charlottesville/comida-latina-rosy-food-truck-/,,3,0,Stored phone appears on at least one linked current source page.
seed-us-curated-100-comida-mexicana-el-morro-food-truck-2839-california-ave-salt-lake-city-utah-84104,Comida mexicana El Morro Food Truck,(801) 347-3485,8013473485,verified_on_current_source,high,https://www.restaurantji.com/ut/salt-lake-city/tacos-el-morro-food-truck-/ | https://www.restaurantji.com/cache/business_page/ut/salt-lake-city/tacos-el-morro-food-truck-/business.json,,5,0,Stored phone appears on at least one linked current source page.
seed-dmv-prod-county-line-food-truck-gordonsville-virginia,County Line Food Truck,(540) 466-8536,5404668536,verified_on_current_source,high,https://www.countylinefood.com/ | https://www.restaurantji.com/va/gordonsville/county-line-food-truck-/,,2,0,Stored phone appears on at least one linked current source page.
seed-dmv-prod-crave-hot-dogs-and-bbq-food-truck-fredericksburg-virginia,Crave Hot Dogs & BBQ - Food Truck,(540) 742-7283,5407427283,verified_on_current_source,high,https://www.restaurantji.com/va/fredericksburg/crave-hot-dogs-and-bbq-food-truck-/,,3,0,Stored phone appears on at least one linked current source page.
seed-us-curated-100-crazy-taco-food-truck-fayetteville-3315-bragg-blvd-fayetteville-north-carolina-28303,Crazy Taco Food Truck Fayetteville,(910) 808-5332,9108085332,verified_on_current_source,high,https://www.restaurantji.com/nc/fayetteville/taco-loco-food-truck-/ | https://www.restaurantji.com/cache/business_page/nc/fayetteville/taco-loco-food-truck-/business.json,,6,0,Stored phone appears on at least one linked current source page.
seed-us-curated-100-cr-pes-la-cart-food-truck-8837-willow-st-new-orleans-louisiana-70118,Crêpes à la Cart food truck,(504) 407-1268,5044071268,verified_on_current_source,high,https://www.crepesalacartnola.com/ | https://www.restaurantji.com/la/new-orleans/cr-pes-la-cart-/ | https://www.restaurantji.com/cache/business_page/la/new-orleans/cr-pes-la-cart-/business.json,,4,0,Stored phone appears on at least one linked current source page.
seed-dmv-prod-crespo-mexican-food-truck-glen-burnie-maryland,Crespo Mexican Food Truck,(443) 699-8654,4436998654,verified_on_current_source,high,https://www.restaurantji.com/md/glen-burnie/crespo-mexican-food-truck-/,,1,1,Stored phone appears on at least one linked current source page.
seed-us-cuantos-tacos-arbor-food-park-austin-texas,Cuantos Tacos - Arbor Food Park,(512) 905-0533,5129050533,verified_on_current_source,high,https://www.restaurantji.com/tx/austin/cuantos-tacos-/,,5,1,Stored phone appears on at least one linked current source page.
seed-dmv-prod-curry-in-a-hurry-food-truck-richmond-virginia,Curry in a Hurry (Food Truck),(804) 980-0985,8049800985,verified_on_current_source,high,https://www.restaurantji.com/va/richmond/curry-in-a-hurry-food-truck-/,,2,0,Stored phone appears on at least one linked current source page.
seed-us-curated-100-curry-in-a-hurry-food-truck-1001-haxall-point-richmond-virginia-23219,Curry in a Hurry (Food Truck),(804) 980-0985,8049800985,verified_on_current_source,high,https://www.restaurantji.com/va/richmond/curry-in-a-hurry-food-truck-/ | https://www.restaurantji.com/cache/business_page/va/richmond/curry-in-a-hurry-food-truck-/business.json,,5,0,Stored phone appears on at least one linked current source page.
seed-us-curated-100-da-munch-buggy-food-truck-5920-university-pkwy-winston-salem-north-carolina-27105,Da Munch Buggy (Food Truck),(844) 476-8624,8444768624,verified_on_current_source,high,https://damunchbuggy.com/ | https://www.restaurantji.com/nc/winston-salem/da-munch-buggy-food-truck-/ | https://www.restaurantji.com/cache/business_page/nc/winston-salem/da-munch-buggy-food-truck-/business.json,,5,0,Stored phone appears on at least one linked current source page.
seed-dmv-prod-deddle-s-donuts-food-truck-and-donut-shop-lexington-market-baltimore-maryland,Deddle's Donuts Food Truck and Donut Shop Lexington Market,(443) 738-4844,4437384844,verified_on_current_source,high,https://deddlesdonuts.com/ | https://www.restaurantji.com/md/baltimore/deddles-donuts-food-truck-and-donut-shop-lexington-market-/,,2,0,Stored phone appears on at least one linked current source page.
seed-us-curated-100-deddle-s-donuts-food-truck-and-donut-shop-lexington-market-400-w-lexington-st-baltimore-maryland-21201,Deddle's Donuts Food Truck and Donut Shop Lexington Market,(443) 738-4844,4437384844,verified_on_current_source,high,https://deddlesdonuts.com/ | https://www.restaurantji.com/md/baltimore/deddles-donuts-food-truck-and-donut-shop-lexington-market-/ | https://www.restaurantji.com/cache/business_page/md/baltimore/deddles-donuts-food-truck-and-donut-shop-lexington-market-/business.json,,5,0,Stored phone appears on at least one linked current source page.
seed-dmv-prod-delicias-sobre-ruedas-food-truck-ellicott-city-maryland,Delicias Sobre Ruedas - Food Truck,(609) 205-0372,6092050372,source_phone_mismatch,review,,(240) 790-4778,2,0,Linked source pages exposed one or more different phone numbers.
seed-us-curated-100-dino-s-gourmet-food-truck-591-haleakala-hwy-kahului-hawaii-96732,Dino's Gourmet Food Truck,(516) 428-1320,5164281320,verified_on_current_source,high,https://www.restaurantji.com/hi/kahului/dinos-gourmet-food-truck-/ | https://www.restaurantji.com/cache/business_page/hi/kahului/dinos-gourmet-food-truck-/business.json,,6,0,Stored phone appears on at least one linked current source page.
seed-dmv-prod-district-small-bites-food-truck-and-catering-dale-city-virginia,District Small Bites Food Truck and Catering,(202) 922-5522,2029225522,verified_on_current_source,high,https://www.restaurantji.com/va/dale-city/district-small-bites-food-truck-and-catering-/,,2,1,Stored phone appears on at least one linked current source page.
seed-photos-3-001-ec-diner-food-truck-elkridge-maryland,EC Diner Food Truck,(410) 750-3300,4107503300,verified_on_current_source,high,https://ecdiner.com/,,3,1,Stored phone appears on at least one linked current source page.
seed-us-curated-100-el-amiguito-food-truck-2-oregon-ave-s-23rd-st-philadelphia-pennsylvania-19147,El amiguito food truck #2,(267) 891-3023,2678913023,verified_on_current_source,high,https://elamiguitotacomobilepa.com/ | https://www.restaurantji.com/pa/philadelphia/el-amiguito-food-truck-2-/ | https://www.restaurantji.com/cache/business_page/pa/philadelphia/el-amiguito-food-truck-2-/business.json,(215) 617-2570,5,0,Stored phone appears on at least one linked current source page.
seed-dmv-prod-el-camaleon-food-truck-wheaton-maryland,El Camaleon Food Truck,(240) 706-3237,2407063237,verified_on_current_source,high,https://www.restaurantji.com/md/wheaton/el-camaleon-food-truck-/,(240) 245-2264,2,0,Stored phone appears on at least one linked current source page.
seed-us-el-camion-ballard-truck-seattle-washington,El Camion - Ballard Truck,(206) 446-3218,2064463218,verified_on_current_source,high,https://www.elcamionseattle.com/new-page,(206) 271-4480 | (206) 591-1694,2,1,Stored phone appears on at least one linked current source page.
seed-us-curated-100-el-chato-taco-truck-5300-w-olympic-blvd-los-angeles-california-90036,El Chato Taco Truck,(626) 289-9780,6262899780,verified_on_current_source,high,https://www.restaurantji.com/ca/los-angeles/el-chato-taco-truck-/ | https://www.restaurantji.com/cache/business_page/ca/los-angeles/el-chato-taco-truck-/business.json,,5,0,Stored phone appears on at least one linked current source page.
seed-us-el-chato-taco-truck-olympic-la-brea-los-angeles-california,El Chato Taco Truck - Olympic & La Brea,(323) 202-6936,3232026936,not_found_on_linked_sources,review,,,2,0,Stored phone is format-valid but was not found on fetched linked source pages.
seed-us-curated-100-el-comal-3100-boeing-way-stockton-california-95206,El Comal,(209) 598-2146,2095982146,verified_on_current_source,high,https://www.restaurantji.com/ca/stockton/el-comal-taco-truck-the-grill-on-wheels-/ | https://www.restaurantji.com/cache/business_page/ca/stockton/el-comal-taco-truck-the-grill-on-wheels-/business.json,,4,1,Stored phone appears on at least one linked current source page.
seed-us-curated-100-el-grillito-food-truck-20-cooper-sq-new-york-new-york-10003,El Grillito Food Truck,(718) 619-2253,7186192253,verified_on_current_source,high,https://www.elgrillito.nyc/ | https://www.restaurantji.com/ny/new-york/el-grillito-food-truck-/ | https://www.restaurantji.com/cache/business_page/ny/new-york/el-grillito-food-truck-/business.json,,5,0,Stored phone appears on at least one linked current source page.
seed-dmv-prod-el-jalape-o-feliz-2-food-truck-silver-spring-maryland,El Jalapeño Feliz 2 (Food truck),(301) 407-5758,3014075758,source_phone_mismatch,review,,(240) 593-7831,3,0,Linked source pages exposed one or more different phone numbers.
seed-us-curated-100-el-jaripeo-taco-truck-rose-park-1188-1198-600-n-salt-lake-city-utah-84116,El Jaripeo Taco Truck (Rose Park),(801) 205-4190,8012054190,verified_on_current_source,high,https://rosepark.eljaripeo.com/ | https://www.restaurantji.com/ut/salt-lake-city/el-jaripeo-taco-cart-/ | https://www.restaurantji.com/cache/business_page/ut/salt-lake-city/el-jaripeo-taco-cart-/business.json,,4,0,Stored phone appears on at least one linked current source page.
seed-dmv-prod-el-paisa-food-truck-jessup-maryland,El Paisa Food Truck,(443) 485-0595,4434850595,verified_on_current_source,high,https://www.restaurantji.com/md/jessup/el-paisa-food-truck-/,,3,0,Stored phone appears on at least one linked current source page.
seed-dmv-prod-el-paisa-food-truck-2-laurel-maryland,El Paisa Food Truck 2,(443) 433-9080,4434339080,verified_on_current_source,high,https://www.restaurantji.com/md/ellicott-city/el-paisa-food-truck-2-/,,1,0,Stored phone appears on at least one linked current source page.
seed-us-curated-100-el-paisano-food-truck-1725-columbia-ave-lancaster-pennsylvania-17603,El Paisano Food Truck,(717) 490-2896,7174902896,verified_on_current_source,high,https://www.restaurantji.com/pa/lancaster/el-paisano-food-truck-/ | https://www.restaurantji.com/cache/business_page/pa/lancaster/el-paisano-food-truck-/business.json,(857) 210-3995,6,0,Stored phone appears on at least one linked current source page.
seed-us-curated-100-el-parian-1-taco-truck-8163-vernor-hwy-detroit-michigan-48209,El Parian 1 taco truck,(313) 676-0260,3136760260,verified_on_current_source,high,https://www.restaurantji.com/mi/detroit/el-parian-1-taco-truck-/ | https://www.restaurantji.com/cache/business_page/mi/detroit/el-parian-1-taco-truck-/business.json,,5,0,Stored phone appears on at least one linked current source page.
seed-us-curated-100-el-pariente-food-truck-st-paul-east-side-1570-white-bear-ave-saint-paul-minnesota-55106,El Pariente Food Truck - St. Paul East Side,(612) 250-6288,6122506288,verified_on_current_source,high,https://www.restaurantji.com/mn/saint-paul/el-pariente-food-truck-/ | https://www.restaurantji.com/cache/business_page/mn/saint-paul/el-pariente-food-truck-/business.json,,5,0,Stored phone appears on at least one linked current source page.
seed-dmv-prod-el-sabor-latino-by-quick-stop-deli-food-truck-silver-spring-maryland,El Sabor Latino by Quick Stop Deli (Food Truck),(301) 595-3072,3015953072,source_phone_mismatch,review,,(202) 321-9219,2,0,Linked source pages exposed one or more different phone numbers.
seed-dmv-prod-el-sopon-mexican-food-truck-elkridge-maryland,El Sopon Mexican Food Truck,(443) 410-9300,4434109300,verified_on_current_source,high,https://www.restaurantji.com/md/elkridge/el-sopon-mexican-and-salvadoran-food-truck-/,,3,0,Stored phone appears on at least one linked current source page.
seed-us-curated-100-el-trompo-xela-tacos-food-truck-2009-e-galbraith-rd-cincinnati-ohio-45237,El Trompo Xela Tacos Food Truck,(954) 825-6363,9548256363,verified_on_current_source,high,https://www.restaurantji.com/oh/cincinnati/el-trompo-xela-tacos-food-truck-/ | https://www.restaurantji.com/cache/business_page/oh/cincinnati/el-trompo-xela-tacos-food-truck-/business.json,,4,0,Stored phone appears on at least one linked current source page.
seed-dmv-prod-el-tucan-food-truck-jessup-maryland,El Tucan Food Truck,(443) 447-1151,4434471151,verified_on_current_source,high,https://www.restaurantji.com/md/jessup/el-tucan-food-truck-/,,2,0,Stored phone appears on at least one linked current source page.
seed-dmv-prod-emanuel-s-food-truck-llc-bealeton-virginia,Emanuel's food truck LLC,(571) 778-8312,5717788312,verified_on_current_source,high,https://www.restaurantji.com/va/bealeton/emanuel-s-food-truck-llc-/,,1,1,Stored phone appears on at least one linked current source page.
seed-us-curated-100-etham-healthy-foods-food-truck-9060-s-rainbow-blvd-las-vegas-nevada-89139,EthAm Healthy Foods - Food Truck,(702) 688-2180,7026882180,verified_on_current_source,high,https://www.restaurantji.com/nv/las-vegas/etham-healthy-foods-food-truck-/ | https://www.restaurantji.com/cache/business_page/nv/las-vegas/etham-healthy-foods-food-truck-/business.json,,5,0,Stored phone appears on at least one linked current source page.
seed-us-curated-100-famous-halal-food-food-truck-501-513-w-45th-st-new-york-new-york-10036,Famous Halal Food (Food Truck),(917) 432-9017,9174329017,verified_on_current_source,high,https://www.restaurantji.com/ny/new-york/famous-halal-food-food-truck-/ | https://www.restaurantji.com/cache/business_page/ny/new-york/famous-halal-food-food-truck-/business.json,,5,0,Stored phone appears on at least one linked current source page.
seed-dmv-prod-fat-boy-food-truck-baltimore-maryland,Fat Boy Food Truck,(929) 233-1677,9292331677,verified_on_current_source,high,https://www.restaurantji.com/md/baltimore/fat-boy-food-truck-/,,2,0,Stored phone appears on at least one linked current source page.
f91qS3fsuD9gmFBWsynP,Fatbellys DMV,,,missing_phone,none,,,1,0,No businessPhone is stored on the live foodTrucks document.
7UvphMEEFVCW128YL4xd,Felix's Hibachi Culver City,(310) 310-9090,3103109090,not_found_on_linked_sources,review,,,4,0,Stored phone is format-valid but was not found on fetched linked source pages.
oql7ThzV20VW2Rw7p4hy,Felix's Hibachi Santa Monica,(424) 436-1038,4244361038,not_found_on_linked_sources,review,,,4,0,Stored phone is format-valid but was not found on fetched linked source pages.
seed-dmv-prod-fire-pit-brazilian-barbecue-food-truck-rockville-maryland,Fire Pit Brazilian Barbecue Food Truck,(301) 789-8709,3017898709,verified_on_current_source,high,https://www.restaurantji.com/md/rockville/fire-pit-brazilian-barbecue-food-truck-/,,3,0,Stored phone appears on at least one linked current source page.
seed-dmv-prod-flavor-of-mexico-taco-truck-alexandria-virginia,Flavor of mexico taco truck,(202) 568-4332,2025684332,verified_on_current_source,high,https://www.restaurantji.com/va/alexandria/flavor-of-mexico-taco-truck-/,,3,0,Stored phone appears on at least one linked current source page.
seed-us-curated-100-flavor-of-mexico-taco-truck-426-e-monroe-ave-alexandria-virginia-22301,Flavor of mexico taco truck,(202) 568-4332,2025684332,verified_on_current_source,high,https://www.restaurantji.com/va/alexandria/flavor-of-mexico-taco-truck-/ | https://www.restaurantji.com/cache/business_page/va/alexandria/flavor-of-mexico-taco-truck-/business.json,,6,0,Stored phone appears on at least one linked current source page.
seed-dmv-prod-food-truck-el-quetzal-owings-mills-maryland,Food Truck El Quetzal,(443) 508-1158,4435081158,verified_on_current_source,high,https://www.restaurantji.com/md/owings-mills/food-truck-el-quetzal-/,,3,0,Stored phone appears on at least one linked current source page.
FUPRSzwAkLfmBWXPBqc1,Food Truck Express,,,missing_phone,none,,,1,0,No businessPhone is stored on the live foodTrucks document.
seed-us-curated-100-food-truck-paradise-351-long-wharf-dr-new-haven-connecticut-06511,Food Truck Paradise,,,missing_phone_source_candidates,review,,(203) 946-2366,5,0,"No businessPhone is stored, but linked source pages exposed possible phone candidates for manual review."
seed-dmv-prod-food-truck-cacina-ana-latino-food-windsor-mill-maryland,Food Truck: Cacina Ana Latino Food,(781) 217-3621,7812173621,verified_on_current_source,high,https://www.restaurantji.com/md/windsor-mill/food-truck-cacina-ana-latino-food-/,,2,0,Stored phone appears on at least one linked current source page.
seed-us-curated-100-fresh-catch-food-truck-1130-sand-island-parkway-honolulu-hawaii-96819,Fresh Catch Food Truck,(808) 842-7653,8088427653,verified_on_current_source,high,https://www.restaurantji.com/hi/honolulu/fresh-catch-food-truck-/ | https://www.restaurantji.com/cache/business_page/hi/honolulu/fresh-catch-food-truck-/business.json,(857) 210-3995,5,0,Stored phone appears on at least one linked current source page.
seed-us-curated-100-frida-s-food-truck-627-s-4th-st-minneapolis-minnesota-55415,Frida’s Food Truck,(612) 800-4097,6128004097,verified_on_current_source,high,https://www.restaurantji.com/mn/minneapolis/frida-s-food-truck-/ | https://www.restaurantji.com/cache/business_page/mn/minneapolis/frida-s-food-truck-/business.json,,5,0,Stored phone appears on at least one linked current source page.
seed-us-curated-100-fuego-picante-catering-21-jefferson-ave-west-hartford-connecticut-06110,FUEGO PICANTE CATERING,(860) 965-1807,8609651807,verified_on_current_source,high,https://www.restaurantji.com/ct/hartford/fuego-picante-food-truck-/ | https://www.restaurantji.com/cache/business_page/ct/hartford/fuego-picante-food-truck-/business.json,,4,1,Stored phone appears on at least one linked current source page.
seed-dmv-prod-g-h-m-halal-food-truck-middle-river-maryland,G.H.M Halal Food Truck,(667) 331-4401,6673314401,verified_on_current_source,high,https://www.restaurantji.com/md/middle-river/g-h-m-halal-food-truck-/,,2,1,Stored phone appears on at least one linked current source page.
seed-us-curated-100-glow-bowl-food-truck-220-ne-30th-st-miami-florida-33137,Glow Bowl Food Truck,(786) 246-0956,7862460956,verified_on_current_source,high,https://www.restaurantji.com/fl/miami/glow-bowl-food-truck-/ | https://www.restaurantji.com/cache/business_page/fl/miami/glow-bowl-food-truck-/business.json,,5,0,Stored phone appears on at least one linked current source page.
seed-dmv-prod-halal-brothers-food-truck-silver-spring-maryland,Halal brothers food truck,(240) 869-3291,2408693291,verified_on_current_source,high,https://www.restaurantji.com/md/silver-spring/halal-brothers-food-/,,2,1,Stored phone appears on at least one linked current source page.
seed-us-curated-100-halal-food-truck-201-south-11th-street-philadelphia-pennsylvania-19107,HALAL FOOD TRUCK,(267) 516-2581,2675162581,verified_on_current_source,high,https://www.restaurantji.com/pa/philadelphia/halal-food-cart-2/ | https://www.restaurantji.com/cache/business_page/pa/philadelphia/halal-food-cart-2/business.json,,4,0,Stored phone appears on at least one linked current source page.
seed-dmv-prod-halal-food-truck-fine-dining-to-go-falls-church-virginia,Halal Food Truck - Fine Dining To Go,(202) 550-4227,2025504227,verified_on_current_source,high,https://www.restaurantji.com/va/falls-church/halal-food-truck-fine-dining-to-go-/,,1,1,Stored phone appears on at least one linked current source page.
seed-dmv-prod-halal-moroccan-food-truck-falls-church-virginia,Halal Moroccan Food Truck,(202) 431-3199,2024313199,verified_on_current_source,high,https://www.restaurantji.com/va/falls-church/halal-moroccan-food-truck-/,,2,0,Stored phone appears on at least one linked current source page.
seed-dmv-prod-halal-tasty-treat-arlington-virginia,Halal Tasty Treat,(980) 306-7784,9803067784,verified_on_current_source,high,https://www.restaurantji.com/va/arlington/halal-tasty-treat-/,,1,1,Stored phone appears on at least one linked current source page.
seed-dmv-prod-hardy-s-bbq-food-truck-and-catering-bethesda-maryland,Hardy's BBQ Food-truck & Catering,(240) 853-1143,2408531143,verified_on_current_source,high,http://www.hardysbbq.com/ | https://www.restaurantji.com/md/bethesda/hardys-bbq-/,(800) 568-9370,3,0,Stored phone appears on at least one linked current source page.
zputmrMevv2IdXrfGvH7,Harriet's Homemade Ice Cream Parlor & Smoke Pit,(410) 449-0431,4104490431,not_found_on_linked_sources,review,,,2,0,Stored phone is format-valid but was not found on fetched linked source pages.
seed-dmv-prod-holy-crepes-food-truck-and-catering-gaithersburg-maryland,Holy Crepes Food Truck & Catering,(240) 408-0410,2404080410,verified_on_current_source,high,https://www.restaurantji.com/md/gaithersburg/holy-crepes-food-truck-and-catering-/,,2,0,Stored phone appears on at least one linked current source page.
seed-dmv-prod-honeybee-s-food-truck-frederick-maryland,Honeybee's Food Truck,(407) 683-4769,4076834769,verified_on_current_source,high,https://www.restaurantji.com/md/montgomery-village/honeybees-food-truck-/,,2,0,Stored phone appears on at least one linked current source page.
seed-us-curated-100-hot-chicks-food-truck-25315-kean-st-dearborn-michigan-48124,Hot Chicks Food Truck,(313) 241-5556,3132415556,verified_on_current_source,high,https://www.restaurantji.com/mi/dearborn/hot-chicks-food-truck-/ | https://www.restaurantji.com/cache/business_page/mi/dearborn/hot-chicks-food-truck-/business.json,,4,1,Stored phone appears on at least one linked current source page.
UL6ZlVG9EGAuTmLuVMhQ,Hurry Curry Food Truck,(202) 437-4753,2024374753,verified_on_current_source,high,https://www.hurrycurry.net/,(703) 447-9748,3,0,Stored phone appears on at least one linked current source page.
seed-us-curated-100-indian-expresss-food-truck-1770-market-pl-blvd-irving-texas-75063,Indian Expresss Food Truck,(430) 291-0849,4302910849,verified_on_current_source,high,https://www.restaurantji.com/tx/irving/indian-expresss-food-truck-/ | https://www.restaurantji.com/cache/business_page/tx/irving/indian-expresss-food-truck-/business.json,,5,0,Stored phone appears on at least one linked current source page.
seed-dmv-prod-it-s-all-good-food-truck-caf-and-catering-westminster-maryland,"It's All Good Food truck, Café and Catering",(410) 848-2128,4108482128,verified_on_current_source,high,https://www.restaurantji.com/md/westminster/its-all-good-food-truck-caf-and-catering-/,,3,0,Stored phone appears on at least one linked current source page.
l3ZchvDHkm7hnGMXnAJD,It’s Pozole,,,missing_phone,none,,,2,0,No businessPhone is stored on the live foodTrucks document.
seed-photos-3-001-jacksons-bakery-curbside-cupcakes-elkridge-maryland,Jackson's Bakery Curbside Cupcakes,(410) 991-6811,4109916811,not_found_on_linked_sources,review,,,7,0,Stored phone is format-valid but was not found on fetched linked source pages.
seed-us-curated-100-jamaican-on-the-go-food-truck-6411-e-county-line-rd-tampa-florida-33647,Jamaican On The Go Food Truck,(850) 321-6571,8503216571,verified_on_current_source,high,https://www.restaurantji.com/fl/tampa/jamaican-on-the-go-food-truck-/ | https://www.restaurantji.com/cache/business_page/fl/tampa/jamaican-on-the-go-food-truck-/business.json,,4,1,Stored phone appears on at least one linked current source page.
seed-dmv-prod-jas-and-fam-caribbean-flavor-food-truck-services-bowie-maryland,Jas & Fam Caribbean Flavor Food Truck Services,(240) 994-8928,2409948928,verified_on_current_source,high,https://www.restaurantji.com/md/bowie/jas-and-fam-caribbean-flavor-food-truck-services-/ | https://nextdoor.com/pages/jas-fam-caribbean-flavor-food-truck-services-bowie-md-1/,,4,0,Stored phone appears on at least one linked current source page.
seed-us-curated-100-jbs-cheesesteak-food-truck-1531-sw-26th-st-fort-lauderdale-florida-33315,JBs Cheesesteak. Food Truck,(954) 608-6818,9546086818,verified_on_current_source,high,https://www.restaurantji.com/fl/fort-lauderdale/jbs-cheesesteak-food-truck-/ | https://www.restaurantji.com/cache/business_page/fl/fort-lauderdale/jbs-cheesesteak-food-truck-/business.json,,5,0,Stored phone appears on at least one linked current source page.
seed-dmv-prod-jennifer-food-truck-north-bethesda-maryland,Jennifer Food Truck,(240) 437-9489,2404379489,verified_on_current_source,high,https://www.restaurantji.com/md/north-bethesda/jennifer-food-truck-/,,2,0,Stored phone appears on at least one linked current source page.
seed-us-curated-100-jesushi-santa-fe-llc-food-truck-2217-cerrillos-rd-santa-fe-new-mexico-87505,Jesushi Santa Fe LLC (Food Truck),(505) 204-5330,5052045330,verified_on_current_source,high,https://www.restaurantji.com/nm/santa-fe/jesushi-santa-fe-food-truck-/ | https://www.restaurantji.com/cache/business_page/nm/santa-fe/jesushi-santa-fe-food-truck-/business.json,(661) 902-7999,5,0,Stored phone appears on at least one linked current source page.
seed-dmv-prod-johnnyz101-food-truck-mediterranean-cuisine-in-washington-dc-washington-dc,Johnnyz101 food Truck mediterranean cuisine in Washington DC,(240) 299-4939,2402994939,verified_on_current_source,high,https://www.restaurantji.com/dc/washington/johnnyz101-food-truck-mediterranean-cuisine-in-washington-dc-/,,2,0,Stored phone appears on at least one linked current source page.
seed-us-curated-100-jojo-food-truck-3582-se-powell-blvd-portland-oregon-97202,Jojo Food Truck,(971) 331-4284,9713314284,verified_on_current_source,high,https://www.restaurantji.com/or/portland/jojo-food-truck-/ | https://www.restaurantji.com/cache/business_page/or/portland/jojo-food-truck-/business.json,,4,1,Stored phone appears on at least one linked current source page.
IGbEX5uLJ7K93MwPU9JS,Jojos kitchen Cravings,,,missing_phone,none,,,1,0,No businessPhone is stored on the live foodTrucks document.
seed-dmv-prod-jordanian-halal-food-truck-baltimore-maryland,Jordanian Halal Food Truck,(443) 432-9232,4434329232,verified_on_current_source,high,https://www.restaurantji.com/md/baltimore/jordanian-hala-food-truck-/,,2,1,Stored phone appears on at least one linked current source page.
seed-us-curated-100-julio-s-gourmet-food-truck-139-webster-ave-providence-rhode-island-02909,Julio’s gourmet food truck,(401) 418-4760,4014184760,verified_on_current_source,high,https://www.restaurantji.com/ri/providence/julios-gourmet-food-truck-/ | https://www.restaurantji.com/cache/business_page/ri/providence/julios-gourmet-food-truck-/business.json,,5,0,Stored phone appears on at least one linked current source page.
seed-us-kikos-place-seafood-mission-valley-san-diego-california,Kiko's Place Seafood - Mission Valley,(619) 341-7397,6193417397,verified_on_current_source,high,https://kikos-place-seafood.gofoodtruck.net/,,3,3,Stored phone appears on at least one linked current source page.
seed-dmv-prod-kim-tran-food-truck-alexandria-virginia,Kim Tran Food Truck,(703) 477-4609,7034774609,verified_on_current_source,high,https://www.restaurantji.com/va/alexandria/kim-tran-food-truck-/,,2,0,Stored phone appears on at least one linked current source page.
seed-us-king-souvlaki-astoria-31st-queens-new-york,King Souvlaki - Astoria 31st,(917) 416-1189,9174161189,verified_on_current_source,high,https://kingsouvlakinyc.com/food-trucks/,(347) 285-7996 | (347) 822-7655 | (347) 951-8316,1,0,Stored phone appears on at least one linked current source page.
seed-us-king-souvlaki-bayside-queens-new-york,King Souvlaki - Bayside,(347) 951-8316,3479518316,verified_on_current_source,high,https://kingsouvlakinyc.com/food-trucks/,(917) 416-1189 | (347) 285-7996 | (347) 822-7655,2,0,Stored phone appears on at least one linked current source page.
RyuzUZ1RB0ZhcokF8TWv,Kitchen 31,(240) 830-3663,2408303663,source_phone_mismatch,review,,(301) 262-6200 | (240) 544-5700 | (301) 262-5013,2,0,Linked source pages exposed one or more different phone numbers.
seed-photos-3-001-kp-smokehouse-bbq-and-chicken-elkridge-maryland,KP Smokehouse BBQ & Chicken,,,missing_phone,none,,,0,0,No businessPhone is stored on the live foodTrucks document.
seed-us-curated-100-la-bicicleta-food-truck-15200-e-colfax-ave-aurora-colorado-80011,La Bicicleta Food Truck,(720) 723-8768,7207238768,verified_on_current_source,high,https://www.restaurantji.com/co/aurora/la-bicicleta-food-truck-/ | https://www.restaurantji.com/cache/business_page/co/aurora/la-bicicleta-food-truck-/business.json,(450) 681-4901,5,0,Stored phone appears on at least one linked current source page.
XOBUhkAxm5W7VtzMiwko,La Bonita,,,missing_phone,none,,,1,0,No businessPhone is stored on the live foodTrucks document.
seed-us-curated-100-la-carreta-authentic-mexican-food-truck-905-s-solano-dr-las-cruces-new-mexico-88001,La Carreta Authentic Mexican Food Truck,(575) 644-2630,5756442630,verified_on_current_source,high,https://lacarretaauthenticmexicanfoodtruck.com/ | https://www.restaurantji.com/nm/las-cruces/la-carreta-authentic-mexican-food-truck-/ | https://www.restaurantji.com/cache/business_page/nm/las-cruces/la-carreta-authentic-mexican-food-truck-/business.json,,5,0,Stored phone appears on at least one linked current source page.
seed-us-curated-100-la-chalupa-mexican-food-truck-351-long-wharf-drive-new-haven-connecticut-06511,La Chalupa Mexican Food Truck,(203) 589-1025,2035891025,verified_on_current_source,high,https://www.restaurantji.com/ct/new-haven/la-chalupa-mexican-food-truck-/ | https://www.restaurantji.com/cache/business_page/ct/new-haven/la-chalupa-mexican-food-truck-/business.json,,5,0,Stored phone appears on at least one linked current source page.
seed-dmv-prod-la-eloteria-dmv-hyattsville-maryland,La Eloteria DMV,(240) 380-9314,2403809314,verified_on_current_source,high,https://www.restaurantji.com/md/hyattsville/la-eloteria-dmv-/,,1,1,Stored phone appears on at least one linked current source page.
seed-dmv-prod-la-gringa-food-truck-manassas-virginia,La Gringa Food Truck,(703) 420-2264,7034202264,verified_on_current_source,high,https://www.restaurantji.com/va/manassas/la-gringa-food-truck-/ | https://www.businessyab.com/explore/united_states/virginia/prince_william_county/manassas/discovery_boulevard/9925/la-gringa-food-truck-703-420-2264.html,,2,1,Stored phone appears on at least one linked current source page.
seed-dmv-prod-la-kalle-food-truck-richmond-virginia,La Kalle food truck,(804) 653-8242,8046538242,verified_on_current_source,high,https://www.restaurantji.com/va/richmond/la-kalle-food-truck-/,,2,0,Stored phone appears on at least one linked current source page.
seed-us-curated-100-la-kalle-food-truck-6400-hull-street-rd-richmond-virginia-23224,La Kalle food truck,(804) 653-8242,8046538242,verified_on_current_source,high,https://www.restaurantji.com/va/richmond/la-kalle-food-truck-/ | https://www.restaurantji.com/cache/business_page/va/richmond/la-kalle-food-truck-/business.json,,5,0,Stored phone appears on at least one linked current source page.
seed-dmv-prod-la-miguele-a-food-truck-rosedale-maryland,La Migueleña Food Truck,(443) 400-4896,4434004896,verified_on_current_source,high,https://www.restaurantji.com/md/rosedale/la-miguele-a-food-truck-/,,2,1,Stored phone appears on at least one linked current source page.
seed-dmv-prod-la-patrona-food-truck-lynchburg-virginia,La Patrona Food Truck,(434) 841-5969,4348415969,verified_on_current_source,high,https://lapatronava.com/ | https://www.restaurantji.com/va/lynchburg/la-patrona-food-truck-/,(202) 655-5813,3,0,Stored phone appears on at least one linked current source page.
seed-dmv-prod-la-picosita-food-truck-lignum-virginia,La Picosita Food Truck,(540) 876-1440,5408761440,verified_on_current_source,high,https://www.restaurantji.com/va/lignum/la-picosita-food-truck-/,,4,0,Stored phone appears on at least one linked current source page.
seed-dmv-prod-las-3-hermanas-food-truck-hagerstown-maryland,Las 3 Hermanas Food Truck,(301) 331-2368,3013312368,verified_on_current_source,high,https://www.restaurantji.com/md/hagerstown/las-3-hermanas-food-truck-/,(719) 331-1846,3,0,Stored phone appears on at least one linked current source page.
seed-us-curated-100-las-delicias-de-to-ita-taco-truck-300-s-1st-st-san-jose-california-95112,Las Delicias De Toñita Taco Truck,(408) 417-5956,4084175956,verified_on_current_source,high,https://www.restaurantji.com/ca/san-jose/las-delicias-de-to-ita-/,(408) 307-3452,4,0,Stored phone appears on at least one linked current source page.
seed-dmv-prod-las-hermanas-latin-cuisine-food-truck-spotsylvania-courthouse-virginia,Las hermanas latin cuisine food truck,(540) 310-7491,5403107491,verified_on_current_source,high,https://www.restaurantji.com/va/spotsylvania-courthouse/las-hermanas-latin-cuisine-food-truck-/,,2,0,Stored phone appears on at least one linked current source page.
seed-dmv-prod-latin-american-food-truck-rockville-maryland,Latin American Food Truck,(571) 336-4271,5713364271,verified_on_current_source,high,https://deliciouslatinamericanfoodmd.com/ | https://www.restaurantji.com/md/rockville/latin-american-food-truck-/,,2,0,Stored phone appears on at least one linked current source page.
seed-us-leos-tacos-truck-glendale-cortez-los-angeles-california,Leo's Tacos Truck - Glendale & Cortez,(323) 346-2001,3233462001,verified_on_current_source,high,https://www.leostacostruck.com/locations,(714) 675-4288,1,0,Stored phone appears on at least one linked current source page.
seed-us-leos-tacos-truck-la-brea-venice-los-angeles-california,Leo's Tacos Truck - La Brea & Venice,(323) 346-2001,3233462001,verified_on_current_source,high,https://www.leostacostruck.com/locations,(714) 675-4288,1,0,Stored phone appears on at least one linked current source page.
seed-us-leos-tacos-truck-vermont-maubert-los-angeles-california,Leo's Tacos Truck - Vermont & Maubert,(323) 346-2001,3233462001,verified_on_current_source,high,https://www.leostacostruck.com/locations,(714) 675-4288,1,0,Stored phone appears on at least one linked current source page.
QHnCbZrG8sct5rDaDTHC,Leos Taco Truck N El Camino Real,(323) 346-2001,3233462001,verified_on_current_source,high,https://www.leostacostruck.com/locations,(714) 675-4288,7,0,Stored phone appears on at least one linked current source page.
udxdcmGNu9YeD13N2JuV,Leos Taco Truck San Francisco,(323) 346-2001,3233462001,verified_on_current_source,high,https://www.leostacostruck.com/locations,(714) 675-4288,7,0,Stored phone appears on at least one linked current source page.
KX8Tjf3vlPSQo65G327j,Leos Tacos Truck Arlington Ave,(323) 346-2001,3233462001,verified_on_current_source,high,https://www.leostacostruck.com/locations,(714) 675-4288,6,0,Stored phone appears on at least one linked current source page.
WRN864iKwfqwTjS5VCG2,Leos Tacos Truck E Lomita Blvd,(323) 346-2001,3233462001,verified_on_current_source,high,https://www.leostacostruck.com/locations,(714) 675-4288,6,0,Stored phone appears on at least one linked current source page.
KFOLRFn6sO9BSARs55M6,Leos Tacos Truck E Wardlow Rd,(323) 346-2001,3233462001,verified_on_current_source,high,https://www.leostacostruck.com/locations,(714) 675-4288,6,0,Stored phone appears on at least one linked current source page.
BKUzFcdDKqZ2j3YBee4P,Leos Tacos Truck Glendale Blvd,(323) 346-2001,3233462001,verified_on_current_source,high,https://www.leostacostruck.com/locations,(714) 675-4288,6,0,Stored phone appears on at least one linked current source page.
SqToL3oey90OP6Pj9GYI,Leos Tacos Truck La Brea,(323) 346-2001,3233462001,verified_on_current_source,high,https://www.leostacostruck.com/locations,(714) 675-4288,6,0,Stored phone appears on at least one linked current source page.
p2Fpc0U517Hoi3VYRSKl,Leos Tacos Truck La Cienega,(323) 346-2001,3233462001,verified_on_current_source,high,https://www.leostacostruck.com/locations,(714) 675-4288,6,0,Stored phone appears on at least one linked current source page.
Q4PfU4vuv0RkURnaXqy7,Leos Tacos Truck Laurel Canyon,(323) 346-2001,3233462001,verified_on_current_source,high,https://www.leostacostruck.com/locations,(714) 675-4288,6,0,Stored phone appears on at least one linked current source page.
GDsCVSTAi31zFt7THnv3,Leos Tacos Truck N Bandini St,(323) 346-2001,3233462001,verified_on_current_source,high,https://www.leostacostruck.com/locations,(714) 675-4288,6,0,Stored phone appears on at least one linked current source page.
lYNrZW5IPzNhysU4D0nL,Leos Tacos Truck Sepulveda Blvd,(323) 346-2001,3233462001,verified_on_current_source,high,https://www.leostacostruck.com/locations,(714) 675-4288,6,0,Stored phone appears on at least one linked current source page.
IJV7ilasDD8ZcUPidPtV,Leos Tacos Truck Vermont Ave,(323) 346-2001,3233462001,verified_on_current_source,high,https://www.leostacostruck.com/locations,(714) 675-4288,6,0,Stored phone appears on at least one linked current source page.
jMdv4Pi951MgR1LPFxw5,Leos Tacos Truck Vermont Ave & Maubert Ave,(323) 346-2001,3233462001,verified_on_current_source,high,https://www.leostacostruck.com/locations,(714) 675-4288,6,0,Stored phone appears on at least one linked current source page.
SVGcfcJX7Izr6qqtjV8k,Leos Tacos Truck Victory Blvd,(323) 346-2001,3233462001,verified_on_current_source,high,https://www.leostacostruck.com/locations,(714) 675-4288,6,0,Stored phone appears on at least one linked current source page.
J1j7HzvI0NXweNbE4C0q,Leos Tacos Truck W Pico Blvd,(323) 346-2001,3233462001,verified_on_current_source,high,https://www.leostacostruck.com/locations,(714) 675-4288,6,0,Stored phone appears on at least one linked current source page.
rhvTUl4LJ3gZYotN4j7n,Leos Tacos Truck Western Ave,(323) 346-2001,3233462001,verified_on_current_source,high,https://www.leostacostruck.com/locations,(714) 675-4288,6,0,Stored phone appears on at least one linked current source page.
aZ2H1buZRdojqwjJzIub,Little Lady Grill,(703) 475-4576,7034754576,verified_on_current_source,high,https://littleladygrill.com/ | https://camelotpool.com/food-truck-thursday-little-lady-grill-18/,(703) 256-3620 | (703) 385-1641 | (703) 254-4319 | (703) 425-3582 | (703) 750-9393 | (703) 801-7163 | (202) 359-2483 | (571) 749-5838 | (703) 382-2085 | (571) 313-1748 | (703) 980-1229,4,0,Stored phone appears on at least one linked current source page.
seed-dmv-prod-lolita-s-delights-mexican-food-truck-harrisonburg-virginia,Lolita's Delights - Mexican Food Truck,(540) 476-4826,5404764826,verified_on_current_source,high,https://www.restaurantji.com/va/harrisonburg/lolitas-delights-mexican-food-truck-/ | https://usarestaurants.info/explore/united-states/virginia/harrisonburg/lolitas-delights-mexican-food-truck-540-476-4826.htm,,3,0,Stored phone appears on at least one linked current source page.
seed-us-curated-100-lonchera-el-tapatio-taco-truck-1575-riverwalk-milwaukee-wisconsin-53212,Lonchera El Tapatio Taco Truck,(414) 323-9709,4143239709,verified_on_current_source,high,https://www.restaurantji.com/wi/milwaukee/lonchera-el-tapatio-taco-truck-/ | https://www.restaurantji.com/cache/business_page/wi/milwaukee/lonchera-el-tapatio-taco-truck-/business.json,,5,0,Stored phone appears on at least one linked current source page.
seed-us-curated-100-lonchera-la-korita-8400-baseline-rd-little-rock-arkansas-72209,Lonchera La Korita,(800) 849-3921,8008493921,verified_on_current_source,high,https://www.restaurantji.com/ar/little-rock/lonchera-la-korita-/ | https://www.restaurantji.com/cache/business_page/ar/little-rock/lonchera-la-korita-/business.json,,4,0,Stored phone appears on at least one linked current source page.
seed-us-curated-100-lonchera-tacos-el-piolin-2727-monte-diablo-ave-stockton-california-95203,Lonchera Tacos El Piolin,(209) 337-2824,2093372824,verified_on_current_source,high,https://www.restaurantji.com/ca/stockton/lonchera-tacos-el-compadre-/ | https://www.restaurantji.com/cache/business_page/ca/stockton/lonchera-tacos-el-compadre-/business.json,(209) 513-4517,5,0,Stored phone appears on at least one linked current source page.
seed-dmv-prod-los-brothers-food-truck-2-culpeper-virginia,Los Brothers Food Truck #2,(540) 522-7819,5405227819,verified_on_current_source,high,https://www.restaurantji.com/va/culpeper/los-brothers-food-truck-2-/ | https://restaurantguru.com/Los-Brothers-Food-Truck-2-Culpeper,,2,0,Stored phone appears on at least one linked current source page.
seed-dmv-prod-los-chamos-venezuelan-food-truck-laurel-maryland,Los Chamos Venezuelan Food Truck,(240) 917-7540,2409177540,verified_on_current_source,high,https://loschamosvenfood.carrd.co/ | https://www.restaurantji.com/md/laurel/los-chamos-venezuelan-food-truck-/,,2,0,Stored phone appears on at least one linked current source page.
seed-us-curated-100-los-cuates-taco-truck-4075-irvington-ave-fremont-california-94538,Los Cuates Taco Truck,(209) 835-0852,2098350852,verified_on_current_source,high,https://www.restaurantji.com/ca/fremont/ofelia-s-taqueria-truck-/ | https://www.restaurantji.com/cache/business_page/ca/fremont/ofelia-s-taqueria-truck-/business.json,,4,0,Stored phone appears on at least one linked current source page.
JweLj0LAMm23aZamlYYm,Luna's dessert,,,missing_phone,none,,,2,0,No businessPhone is stored on the live foodTrucks document.
seed-dmv-prod-ma-d-s-food-truck-rustburg-virginia,Ma D's food truck,(434) 329-2598,4343292598,verified_on_current_source,high,https://www.restaurantji.com/va/rustburg/ma-ds-food-truck-/,,2,0,Stored phone appears on at least one linked current source page.
seed-us-curated-100-madmax-bbq-food-truck-3723-b-w-orem-dr-houston-texas-77045,MadMax BBQ (Food Truck),(281) 616-1664,2816161664,verified_on_current_source,high,https://madmaxbbq.wixsite.com/madmax | https://www.restaurantji.com/tx/houston/madmax-bbq-mobile-food-truck-/ | https://www.restaurantji.com/cache/business_page/tx/houston/madmax-bbq-mobile-food-truck-/business.json,,5,0,Stored phone appears on at least one linked current source page.
seed-us-curated-100-mahmoud-s-corner-halal-food-cart-32-90-34th-ave-queens-new-york-11103,Mahmoud's Corner Halal Food Cart,(917) 295-2281,9172952281,verified_on_current_source,high,https://mahmouds34thavecorner.weebly.com/ | https://www.restaurantji.com/ny/queens/mahmouds-corner-halal-food-cart-/ | https://www.restaurantji.com/cache/business_page/ny/queens/mahmouds-corner-halal-food-cart-/business.json,(371) 241-9874 | (742) 687-5082 | (757) 639-6887,5,0,Stored phone appears on at least one linked current source page.
seed-dmv-prod-mango-s-food-truck-pupuseria-hyattsville-maryland,Mango’s food truck pupuseria,(301) 357-2003,3013572003,verified_on_current_source,high,https://www.restaurantji.com/md/hyattsville/mango-s-food-truck-pupuseria-/,,1,0,Stored phone appears on at least one linked current source page.
seed-us-curated-100-marcy-s-tacos-food-truck-7540-leavenworth-rd-kansas-city-kansas-66109,Marcy's Tacos (Food Truck),(913) 202-8180,9132028180,verified_on_current_source,high,https://www.restaurantji.com/ks/kansas-city/marcys-tacos-food-truck-/ | https://www.restaurantji.com/cache/business_page/ks/kansas-city/marcys-tacos-food-truck-/business.json,,6,0,Stored phone appears on at least one linked current source page.
seed-us-mariscos-jalisco-boyle-heights-los-angeles-california,Mariscos Jalisco - Boyle Heights,(323) 528-6701,3235286701,verified_on_current_source,high,https://www.mariscosjalisco.net/,,5,0,Stored phone appears on at least one linked current source page.
seed-dmv-prod-mary-s-food-truck-elkridge-maryland,Mary’s Food Truck,(240) 817-4356,2408174356,verified_on_current_source,high,https://www.restaurantji.com/md/elkridge/mary-s-food-truck-/,,2,0,Stored phone appears on at least one linked current source page.
seed-us-matts-bbq-prost-marketplace-portland-oregon,Matt's BBQ - Prost Marketplace,(503) 504-0870,5035040870,verified_on_current_source,high,https://mattsbbqpdx.com/hours-location/ | https://mattsbbqpdx.com/,,2,0,Stored phone appears on at least one linked current source page.
q6b3KtA37GUbkj2JaGH5,Meat My BUNS,(240) 472-9929,2404729929,verified_on_current_source,high,https://meatmybuns.com/,(301) 262-6200 | (240) 544-5700 | (301) 262-5013,4,1,Stored phone appears on at least one linked current source page.
seed-us-curated-100-mi-amor-halal-and-mexican-food-truck-n-11th-st-brooklyn-new-york-11249,Mi Amor Halal & Mexican Food Truck,(347) 213-4416,3472134416,verified_on_current_source,high,https://www.restaurantji.com/ny/brooklyn/mi-amor-halal-and-mexican-food-truck-/ | https://www.restaurantji.com/cache/business_page/ny/brooklyn/mi-amor-halal-and-mexican-food-truck-/business.json,,4,0,Stored phone appears on at least one linked current source page.
seed-dmv-prod-mi-tierra-food-truck-lanexa-virginia,Mi Tierra Food Truck,(804) 517-3219,8045173219,verified_on_current_source,high,https://www.restaurantji.com/va/lanexa/mi-tierra-food-truck-/,,2,0,Stored phone appears on at least one linked current source page.
seed-dmv-prod-mobile-yumyum-food-truck-and-catering-events-rva-dmv-surrounding-counties-richmond-virginia,"Mobile YumYum Food Truck and Catering Events RVA, DMV, Surrounding Counties",(804) 362-8833,8043628833,verified_on_current_source,high,https://www.myycatering.com/ | https://www.restaurantji.com/va/glen-allen/mobile-yumyum-food-truck-and-catering-events-/,(800) 568-9370,3,0,Stored phone appears on at least one linked current source page.
seed-us-curated-100-mr-dolar-2-taco-truck-5700-s-shields-blvd-oklahoma-city-oklahoma-73129,Mr Dolar #2 Taco Truck,(405) 549-5497,4055495497,verified_on_current_source,high,https://www.restaurantji.com/ok/oklahoma-city/mr-dolar-2-taco-truck-/ | https://www.restaurantji.com/cache/business_page/ok/oklahoma-city/mr-dolar-2-taco-truck-/business.json,,5,0,Stored phone appears on at least one linked current source page.
seed-us-curated-100-mr-kool-ice-cream-truck-and-party-rentals-13-nixon-st-boston-massachusetts-02124,Mr.kool Ice Cream Truck & Party rentals,(857) 247-1480,8572471480,verified_on_current_source,high,https://www.restaurantji.com/ma/boston/mr-kool-ice-cream-truck-and-party-rentals-/ | https://www.restaurantji.com/cache/business_page/ma/boston/mr-kool-ice-cream-truck-and-party-rentals-/business.json,(293) 762-6999 | (652) 863-9999,5,0,Stored phone appears on at least one linked current source page.
FmHCB8Nolnos4W7FGLAH,Namit Filipino Barbecue,(443) 774-8969,4437748969,source_phone_mismatch,review,,(443) 988-4368 | (443) 843-0043 | (443) 893-5115,5,0,Linked source pages exposed one or more different phone numbers.
VrMl2zeqCxHKQX0zRE70,Navat Food Truck Downtown LA,(323) 244-4141,3232444141,verified_on_current_source,high,https://navatfoodtruck.com/locations/,(323) 473-9725,2,1,Stored phone appears on at least one linked current source page.
mbt7V8sd3B3lkVL9BDDC,Navat Food Truck Encino,(747) 265-3211,7472653211,verified_on_current_source,high,https://navatfoodtruck.com/locations/,(323) 473-9725,3,0,Stored phone appears on at least one linked current source page.
z769eLhWCfeBnLHO5zkW,Navat Food Truck Valley Village,(747) 265-3211,7472653211,verified_on_current_source,high,https://navatfoodtruck.com/locations/,(323) 473-9725,2,1,Stored phone appears on at least one linked current source page.
seed-us-curated-100-newmex-a-que-food-truck-and-catering-5701-gibson-blvd-se-albuquerque-new-mexico-87108,NewMex-A-Que Food Truck and Catering,(505) 985-8464,5059858464,verified_on_current_source,high,https://www.restaurantji.com/nm/albuquerque/newmex-a-que-/ | https://www.restaurantji.com/cache/business_page/nm/albuquerque/newmex-a-que-/business.json,,4,0,Stored phone appears on at least one linked current source page.
Bpx2pGfVhdBqmRocoHdX,No Sauce Que,(202) 839-6249,2028396249,verified_on_current_source,high,https://www.nosauceque.com/ | https://www.nosauceque.com/contact-us | https://www.nosauceque.com/find-us,,5,0,Stored phone appears on at least one linked current source page.
seed-dmv-prod-not-your-momma-s-food-truck-mineral-virginia,Not Your Momma's Food Truck,(540) 903-9285,5409039285,verified_on_current_source,high,https://www.restaurantji.com/va/mineral/not-your-mommas-food-truck-/,,2,0,Stored phone appears on at least one linked current source page.
seed-dmv-prod-nuevo-amanecer-food-truck-harrisonburg-virginia,NUEVO AMANECER FOOD TRUCK,(540) 457-6111,5404576111,verified_on_current_source,high,https://www.restaurantji.com/va/harrisonburg/nuevo-amanecer-food-truck-/,,2,0,Stored phone appears on at least one linked current source page.
seed-us-curated-100-ny-halal-food-cart-1001-scott-dr-baltimore-maryland-21240,NY HALAL FOOD CART,(201) 879-4675,2018794675,verified_on_current_source,high,https://www.restaurantji.com/md/baltimore/ny-halal-food-cart-/ | https://www.restaurantji.com/cache/business_page/md/baltimore/ny-halal-food-cart-/business.json,,5,0,Stored phone appears on at least one linked current source page.
seed-dmv-prod-off-the-chain-food-truck-llc-south-hill-virginia,Off the Chain Food Truck LLC,(434) 262-0246,4342620246,verified_on_current_source,high,https://www.restaurantji.com/va/south-hill/off-the-chain-food-truck-llc-/,,2,0,Stored phone appears on at least one linked current source page.
c5xEAA1CzAKYQd3lebDE,Omar's Northern Styled Sandwiches,(252) 558-5590,2525585590,verified_on_current_source,high,https://omarsandwiches.com/?utm_source=ig&utm_medium=social&utm_content=link_in_bio&fbclid=PAb21jcARe9ApleHRuA2FlbQIxMQBzcnRjBmFwcF9pZA81NjcwNjczNDMzNTI0MjcAAafGg5cDAxGyh146sp-cS_cpXHvlK0UiZEgB8uZ1vISXAiNFHvzc1JQJW19O2A_aem_r67jJ0_dHF45QOEOJK61AA,,3,0,Stored phone appears on at least one linked current source page.
seed-us-curated-100-rale-way-food-truck-18400-e-22nd-ave-aurora-colorado-80011,Órale Way! Food Truck,(720) 365-4542,7203654542,verified_on_current_source,high,https://www.restaurantji.com/co/aurora/chihuas-mexican-grill-food-truck-/ | https://www.restaurantji.com/cache/business_page/co/aurora/chihuas-mexican-grill-food-truck-/business.json,,5,0,Stored phone appears on at least one linked current source page.
seed-dmv-prod-outskirts-food-truck-harrisonburg-virginia,Outskirts Food Truck,(540) 607-8084,5406078084,verified_on_current_source,high,https://www.restaurantji.com/va/harrisonburg/outskirts-food-truck-/,,2,0,Stored phone appears on at least one linked current source page.
seed-dmv-prod-picamas-food-truck-va-arlington-virginia,Picamas Food Truck VA,(703) 400-6301,7034006301,verified_on_current_source,high,https://www.restaurantji.com/va/arlington/picamas-food-truck-va-/,,1,0,Stored phone appears on at least one linked current source page.
seed-dmv-prod-pita-on-the-plaza-bethesda-maryland,Pita On The plaza,(240) 467-7807,2404677807,verified_on_current_source,high,https://www.pitaontheplaza.com/ | https://www.restaurantji.com/md/bethesda/pita-on-the-plaza-/ | https://www.pitaontheplaza.com/,,3,0,Stored phone appears on at least one linked current source page.
seed-dmv-prod-plating-grace-and-grub-food-truck-baltimore-maryland,Plating Grace and Grub Food Truck,(443) 330-7843,4433307843,verified_on_current_source,high,https://www.restaurantji.com/md/baltimore/plating-grace-and-grub-food-truck-/,(800) 842-4842,2,1,Stored phone appears on at least one linked current source page.
seed-us-curated-100-plating-grace-and-grub-food-truck-900-e-fayette-st-baltimore-maryland-21203,Plating Grace and Grub Food Truck,(443) 330-7843,4433307843,verified_on_current_source,high,https://www.restaurantji.com/md/baltimore/plating-grace-and-grub-food-truck-/ | https://www.restaurantji.com/cache/business_page/md/baltimore/plating-grace-and-grub-food-truck-/business.json,,4,1,Stored phone appears on at least one linked current source page.
seed-dmv-prod-pupuseria-libertad-food-truck-gaithersburg-maryland,Pupuseria Libertad (Food Truck),(240) 338-8306,2403388306,verified_on_current_source,high,https://www.restaurantji.com/md/gaithersburg/pupuseria-libertad-food-truck-/,,1,0,Stored phone appears on at least one linked current source page.
seed-dmv-prod-pupuseria-sabor-de-mi-tierra-food-truck-silver-spring-maryland,Pupuseria sabor de mi tierra food truck,(240) 475-6281,2404756281,verified_on_current_source,high,https://www.restaurantji.com/md/silver-spring/pupuseria-sabor-de-mi-tierra-food-truck-/,,1,0,Stored phone appears on at least one linked current source page.
seed-dmv-prod-pupuseria-vanessa-food-truck-laurel-maryland,Pupuseria Vanessa Food Truck,(240) 554-7973,2405547973,verified_on_current_source,high,https://www.restaurantji.com/md/laurel/pupuseria-vanessa-/,,2,1,Stored phone appears on at least one linked current source page.
seed-dmv-prod-pupuseria-y-antojitos-ashley-woodbridge-virginia,Pupuseria y antojitos Ashley,(571) 288-3457,5712883457,verified_on_current_source,high,https://www.restaurantji.com/va/woodbridge/pupuseria-y-antojitos-ashley-/,,3,0,Stored phone appears on at least one linked current source page.
seed-us-curated-100-pupuseria-y-lonchera-la-providencia-3920-3924-rodeo-rd-santa-fe-new-mexico-87507,Pupuseria Y Lonchera La Providencia,(505) 231-8617,5052318617,verified_on_current_source,high,https://www.restaurantji.com/nm/santa-fe/pupuseria-y-lonchera-la-providencia-/ | https://www.restaurantji.com/cache/business_page/nm/santa-fe/pupuseria-y-lonchera-la-providencia-/business.json,,4,0,Stored phone appears on at least one linked current source page.
seed-dmv-prod-pupuseria-y-taqueria-josue-silver-spring-maryland,Pupuseria Y Taqueria Josue,(301) 232-6858,3012326858,verified_on_current_source,high,https://www.restaurantji.com/md/silver-spring/pupuseria-y-taqueria-josue-/,,1,1,Stored phone appears on at least one linked current source page.
seed-dmv-prod-pupuseria-y-taquer-a-la-fe-food-truck-front-royal-virginia,"Pupuseria y taquería, La fe food truck",(540) 749-2166,5407492166,verified_on_current_source,high,https://www.restaurantji.com/va/front-royal/pupuseria-y-taquer-a-la-fe-food-truck-/,,1,0,Stored phone appears on at least one linked current source page.
seed-us-curated-100-q-sabroso-food-truck-13205-sw-137th-ave-miami-florida-33186,Q' Sabroso Food truck,(786) 219-7326,7862197326,source_phone_mismatch,review,,(786) 604-3821 | (786) 928-3728,4,0,Linked source pages exposed one or more different phone numbers.
seed-dmv-prod-q-sabroso-food-truck-rockville-maryland,Q'Sabroso food truck,(240) 790-6443,2407906443,verified_on_current_source,high,https://www.restaurantji.com/md/montgomery-village/qsabroso-food-truck-/,,3,0,Stored phone appears on at least one linked current source page.
seed-us-curated-100-raining-tacos-mexican-food-truck-440-rainier-ave-s-renton-washington-98057,Raining Tacos Mexican Food Truck,(206) 889-7110,2068897110,verified_on_current_source,high,https://rainingtacos.com/ | https://www.restaurantji.com/wa/renton/raining-tacos-mexican-food-truck-/ | https://www.restaurantji.com/cache/business_page/wa/renton/raining-tacos-mexican-food-truck-/business.json,(857) 210-3995,5,0,Stored phone appears on at least one linked current source page.
seed-us-curated-100-restaurante-oaxaca-5101-w-38th-st-indianapolis-indiana-46254,Restaurante Oaxaca,(317) 490-2429,3174902429,verified_on_current_source,high,https://www.restaurantji.com/in/indianapolis/oaxaca-food-truck-/ | https://www.restaurantji.com/cache/business_page/in/indianapolis/oaxaca-food-truck-/business.json,(765) 375-1284,5,0,Stored phone appears on at least one linked current source page.
seed-dmv-prod-rolling-burrito-falls-church-virginia,Rolling Burrito,(571) 288-2484,5712882484,verified_on_current_source,high,https://www.restaurantji.com/va/falls-church/rolling-burrito-/,,3,0,Stored phone appears on at least one linked current source page.
seed-us-curated-100-s-e-a-cuisine-element-eatery-5350-medpace-way-unit-1-cincinnati-ohio-45227,S.E.A. Cuisine | Element Eatery,(513) 272-9801,5132729801,verified_on_current_source,high,https://www.restaurantji.com/oh/cincinnati/sea-cuisine-foodtruck-2/ | https://www.restaurantji.com/cache/business_page/oh/cincinnati/sea-cuisine-foodtruck-2/business.json,,4,1,Stored phone appears on at least one linked current source page.
seed-us-curated-100-sabor-a-moncion-food-truck-4200-rising-sun-ave-philadelphia-pennsylvania-19140,Sabor A Moncion food truck,(267) 648-8673,2676488673,verified_on_current_source,high,https://www.restaurantji.com/pa/philadelphia/sabor-a-moncion-food-truck-/ | https://www.restaurantji.com/cache/business_page/pa/philadelphia/sabor-a-moncion-food-truck-/business.json,,4,0,Stored phone appears on at least one linked current source page.
seed-us-curated-100-sabrozon-mexican-food-truck-3422-campbell-ave-honolulu-hawaii-96815,Sabrozon Mexican Food Truck,(808) 482-9445,8084829445,verified_on_current_source,high,https://sabrozonmexicanfood.com/ | https://www.restaurantji.com/hi/honolulu/sabrozon-mexican-food-truck-waikiki-beach-/ | https://www.restaurantji.com/cache/business_page/hi/honolulu/sabrozon-mexican-food-truck-waikiki-beach-/business.json,,5,0,Stored phone appears on at least one linked current source page.
seed-dmv-prod-salsa-verde-food-truck-falls-church-virginia,Salsa Verde Food Truck,(571) 602-2565,5716022565,verified_on_current_source,high,https://www.restaurantji.com/va/falls-church/salsa-verde-food-truck-/ | https://www.ubereats.com/store/salsa-verde-400-west-broad-street/pc9gsDrIXsyps3l6fbS75Q,,4,0,Stored phone appears on at least one linked current source page.
seed-dmv-prod-sat-indonesian-food-truck-bethesda-maryland,Saté Indonesian food truck,(240) 277-9563,2402779563,verified_on_current_source,high,https://www.restaurantji.com/md/bethesda/sat-indonesian-food-truck-/,,4,1,Stored phone appears on at least one linked current source page.
YafdTL3FtKS6Dy4OTZtC,Sauce queens,(240) 899-0728,2408990728,source_phone_mismatch,review,,(301) 262-6200 | (240) 544-5700 | (301) 262-5013,3,0,Linked source pages exposed one or more different phone numbers.
seed-dmv-prod-scoops2u-springfield-virginia,SCOOPS2U,(703) 536-3131,7035363131,verified_on_current_source,high,https://scoops2u.com/ | https://www.restaurantji.com/va/springfield/scoops2u-/,,2,0,Stored phone appears on at least one linked current source page.
o5GAMUdDBMwZZudd3NUR,Shad's One Stop,(202) 876-4129,2028764129,verified_on_current_source,high,https://www.ubereats.com/store/shads-one-stop-express/Ab4qtwG6TJ2hEB4Fjr_EcA,,3,2,Stored phone appears on at least one linked current source page.
seed-dmv-prod-sherry-s-kitchen-food-truck-front-royal-virginia,SHERRY'S KITCHEN FOOD TRUCK,(540) 762-1408,5407621408,verified_on_current_source,high,https://www.restaurantji.com/va/front-royal/sherry-s-kitchen-food-truck-/,,2,0,Stored phone appears on at least one linked current source page.
seed-us-curated-100-silvia-s-snow-cones-snowie-5001-columbia-pike-arlington-virginia-22204,Silvia's Snow Cones (SNOWIE),(703) 597-6444,7035976444,verified_on_current_source,high,https://www.restaurantji.com/va/arlington/silvias-snow-cones-snowie-/ | https://www.restaurantji.com/cache/business_page/va/arlington/silvias-snow-cones-snowie-/business.json,,4,0,Stored phone appears on at least one linked current source page.
seed-dmv-prod-smash-akhs-glenn-dale-maryland,Smash Akhs,(301) 850-8649,3018508649,not_found_on_linked_sources,review,,,8,0,Stored phone is format-valid but was not found on fetched linked source pages.
seed-dmv-prod-smash-bros-food-truck-new-church-virginia,Smash Bros Food Truck,(757) 894-8490,7578948490,verified_on_current_source,high,https://www.restaurantji.com/va/new-church/smash-bros-food-truck-/,(202) 655-5813,3,0,Stored phone appears on at least one linked current source page.
Pos2JFiqlKjDvFJ7pKrO,Southwest Sabor,(505) 514-1346,5055141346,verified_on_current_source,high,https://www.southwestsabor.com/,,4,0,Stored phone appears on at least one linked current source page.
seed-us-spicy-boys-east-6th-zilker-brewing-austin-texas,Spicy Boys Fried Chicken - East 6th at Zilker Brewing,(512) 538-9658,5125389658,verified_on_current_source,high,https://calendar.austinchronicle.com/location/spicy-boys-fried-chicken-11836072,(512) 712-5590,4,0,Stored phone appears on at least one linked current source page.
seed-us-spicy-boys-south-austin-st-elmo-austin-texas,Spicy Boys Fried Chicken - South Austin at St. Elmo,(512) 538-9658,5125389658,verified_on_current_source,high,https://calendar.austinchronicle.com/location/spicy-boys-fried-chicken-11836072,,3,0,Stored phone appears on at least one linked current source page.
seed-us-curated-100-spicy-desi-food-truck-3795-presidential-pkwy-suite-fp9-atlanta-georgia-30340,Spicy Desi Food Truck,(404) 919-5989,4049195989,verified_on_current_source,high,https://www.spicydesiatlanta.com/ | https://www.restaurantji.com/ga/atlanta/spicy-desi-food-truck-/ | https://www.restaurantji.com/cache/business_page/ga/atlanta/spicy-desi-food-truck-/business.json,,5,0,Stored phone appears on at least one linked current source page.
seed-dmv-prod-subhab-food-truck-halal-food-baltimore-maryland,Subhab food truck ( halal food ),(443) 938-7088,4439387088,verified_on_current_source,high,https://usarestaurants.info/explore/united-states/maryland/baltimore/subhab-food-truck-halal-food-443-938-7088.htm,(443) 432-9232,2,0,Stored phone appears on at least one linked current source page.
seed-dmv-prod-susana-food-truck-silver-spring-maryland,Susana food truck,(301) 898-6301,3018986301,verified_on_current_source,high,https://www.restaurantji.com/md/silver-spring/susana-food-truck-/ | https://foodtrucksdatabase.com/listing/susana-food-truck/,,3,0,Stored phone appears on at least one linked current source page.
seed-us-curated-100-sushi-kochi-food-truck-520-keolani-pl-kahului-hawaii-96732,Sushi Kochi Food truck,(808) 856-6173,8088566173,verified_on_current_source,high,https://www.sushikochi.com/ | https://www.restaurantji.com/hi/kahului/sushi-kochi-/ | https://www.restaurantji.com/cache/business_page/hi/kahului/sushi-kochi-/business.json,,4,0,Stored phone appears on at least one linked current source page.
seed-us-curated-100-sushi-mocorito-lonchera-5122-w-camelback-rd-glendale-arizona-85301,Sushi mocorito Lonchera,(602) 536-2867,6025362867,verified_on_current_source,high,https://www.restaurantji.com/az/glendale/sushi-mocorito-lonchera-/ | https://www.restaurantji.com/cache/business_page/az/glendale/sushi-mocorito-lonchera-/business.json,(808) 374-0543 | (450) 681-4901,5,0,Stored phone appears on at least one linked current source page.
seed-photos-3-001-t-and-j-waffles-elkridge-maryland,T&J Waffles,(443) 498-8886,4434988886,not_found_on_linked_sources,review,,,4,1,Stored phone is format-valid but was not found on fetched linked source pages.
seed-photos-3-001-taco-bar-elkridge-maryland,Taco Bar,(410) 916-4776,4109164776,verified_on_current_source,high,https://tacobarfoodtruck.com/,(410) 353-2861,4,1,Stored phone appears on at least one linked current source page.
seed-us-curated-100-taco-chundito-food-truck-2189-w-60th-st-hialeah-florida-33016,Taco chundito food truck,(786) 908-4464,7869084464,verified_on_current_source,high,https://www.restaurantji.com/fl/hialeah/taco-chundito-food-truck-/ | https://www.restaurantji.com/cache/business_page/fl/hialeah/taco-chundito-food-truck-/business.json,,4,1,Stored phone appears on at least one linked current source page.
seed-dmv-prod-taco-cinco-de-mayo-arlington-virginia,Taco Cinco de Mayo,(703) 884-5485,7038845485,verified_on_current_source,high,https://www.restaurantji.com/va/arlington/taco-cinco-de-mayo-/,,1,0,Stored phone appears on at least one linked current source page.
seed-dmv-prod-taco-master-food-truck-elkton-maryland,Taco Master Food Truck,(302) 781-2635,3027812635,verified_on_current_source,high,https://www.restaurantji.com/md/elkton/taco-master-food-truck-/ | https://restaurantguru.com/Taco-Master-Elkton/menu,,3,0,Stored phone appears on at least one linked current source page.
seed-dmv-prod-taconmadre-gaithersburg-maryland,TacoNMadre,(240) 507-7149,2405077149,verified_on_current_source,high,https://www.restaurantji.com/md/gaithersburg/taconmadre-/ | https://www.ubereats.com/store/taconmadre/smjledpeV4azMGrXF5CVjQ,,4,0,Stored phone appears on at least one linked current source page.
seed-dmv-prod-tacos-don-perez-silver-spring-maryland,Tacos Don Perez,(301) 337-1216,3013371216,verified_on_current_source,high,https://www.restaurantji.com/md/silver-spring/tacos-don-perez-/ | https://www.ubereats.com/store/tacos-don-perez/XFqeLpgcVAu7CRv9qusLXA,,4,0,Stored phone appears on at least one linked current source page.
cspH7PMBCP91hCzQ94S0,Tacos EI Guero,+14436004790,4436004790,no_source_urls,review,,,0,0,"Stored phone is format-valid, but this database record has no source URLs to check."
seed-dmv-prod-tacos-el-chilango-arlington-virginia,Tacos El Chilango,(571) 236-0355,5712360355,verified_on_current_source,high,https://www.restaurantji.com/va/arlington/taco-el-chilango-/,,1,0,Stored phone appears on at least one linked current source page.
kEdr40UiHZKnK12M1niZ,Tacos El Forastero,,,missing_phone,none,,,1,0,No businessPhone is stored on the live foodTrucks document.
seed-us-curated-100-tacos-el-grande-food-truck-22450-franz-rd-katy-texas-77449,Tacos El Grande (Food Truck),(346) 213-3875,3462133875,verified_on_current_source,high,https://tacoselgrandetx.com/ | https://www.restaurantji.com/tx/katy/tacos-el-grande-/ | https://www.restaurantji.com/cache/business_page/tx/katy/tacos-el-grande-/business.json,(346) 264-3519 | (281) 617-8027,4,0,Stored phone appears on at least one linked current source page.
seed-us-curated-100-tacos-el-tesorito-taco-truck-1707-garrity-blvd-nampa-idaho-83687,Tacos El Tesorito Taco Truck,(208) 850-9281,2088509281,verified_on_current_source,high,https://www.restaurantji.com/id/nampa/tacos-el-tesorito-taco-truck-/ | https://www.restaurantji.com/cache/business_page/id/nampa/tacos-el-tesorito-taco-truck-/business.json,(857) 210-3995,6,0,Stored phone appears on at least one linked current source page.
ArTxwbdqcyRxH4LwC1tz,Tacos el Tijuanense Encino,(747) 206-4454,7472064454,not_found_on_linked_sources,review,,,2,0,Stored phone is format-valid but was not found on fetched linked source pages.
JQ20mP3NmOCZPNGrNVvj,Tacos el Tijuanense Sherman Oaks,(747) 244-5916,7472445916,not_found_on_linked_sources,review,,,2,0,Stored phone is format-valid but was not found on fetched linked source pages.
qxYHUZRWYc1hDLATXXmb,Tacos el Tijuanense Van Nuys,,,missing_phone,none,,,3,0,No businessPhone is stored on the live foodTrucks document.
seed-dmv-prod-tacos-jalisco-food-truck-baltimore-maryland,Tacos Jalisco Food truck,(443) 629-4013,4436294013,verified_on_current_source,high,https://www.restaurantji.com/md/baltimore/tacos-jalisco-food-truck-/,,2,0,Stored phone appears on at least one linked current source page.
seed-us-curated-100-tacos-la-rancherita-food-truck-4514-mt-carmel-tobasco-rd-cincinnati-ohio-45244,Tacos la Rancherita Food Truck,(513) 807-9125,5138079125,verified_on_current_source,high,https://www.restaurantji.com/oh/cincinnati/tacos-la-rancherita-food-truck-/ | https://www.restaurantji.com/cache/business_page/oh/cincinnati/tacos-la-rancherita-food-truck-/business.json,,4,0,Stored phone appears on at least one linked current source page.
seed-dmv-prod-tacos-los-primos-mobile-food-truck-arlington-virginia,Tacos Los Primos Mobile Food Truck,(571) 274-0686,5712740686,verified_on_current_source,high,https://www.restaurantji.com/va/arlington/tacos-los-primos-/,,3,1,Stored phone appears on at least one linked current source page.
seed-us-curated-100-tacos-los-primos-mobile-food-truck-1601-n-rhodes-st-arlington-virginia-22209,Tacos Los Primos Mobile Food Truck,(571) 274-0686,5712740686,verified_on_current_source,high,https://www.restaurantji.com/va/arlington/tacos-los-primos-/ | https://www.restaurantji.com/cache/business_page/va/arlington/tacos-los-primos-/business.json,,5,0,Stored phone appears on at least one linked current source page.
dYiQDDCM6zicgPsjWilx,Tacos Reyes Reseda,(818) 932-7926,8189327926,not_found_on_linked_sources,review,,,2,0,Stored phone is format-valid but was not found on fetched linked source pages.
j9I5mjccYOtRGeLUXah6,Tacos Reyes Sepulveda,(818) 932-7926,8189327926,not_found_on_linked_sources,review,,,2,0,Stored phone is format-valid but was not found on fetched linked source pages.
sfZGNcxnNbUkzxUi5gth,Tacos Reyes Van Nuys,(818) 932-7926,8189327926,not_found_on_linked_sources,review,,,2,0,Stored phone is format-valid but was not found on fetched linked source pages.
Riv6f0JBbWdoPzRzKvrQ,Tacos Reyes Winnetka Ave,(818) 932-7926,8189327926,not_found_on_linked_sources,review,,,2,0,Stored phone is format-valid but was not found on fetched linked source pages.
seed-us-curated-100-tacos-tamix-downtown-1998-1982-s-hoover-st-los-angeles-california-90007,Tacos Tamix - Downtown,(323) 743-5206,3237435206,verified_on_current_source,high,https://www.restaurantji.com/ca/los-angeles/tacos-tamix-taco-truck-/ | https://www.restaurantji.com/cache/business_page/ca/los-angeles/tacos-tamix-taco-truck-/business.json,,5,0,Stored phone appears on at least one linked current source page.
seed-us-tacos-tierra-caliente-west-alabama-houston-texas,Tacos Tierra Caliente - West Alabama,(713) 584-9359,7135849359,verified_on_current_source,high,https://www.tacostierracalientemx.com/ | https://community.houstonpress.com/location/tacos-tierra-caliente-6801153,,2,1,Stored phone appears on at least one linked current source page.
seed-us-curated-100-tacos-y-burritos-la-fe-food-truck-6600-cerrillos-rd-santa-fe-new-mexico-87507,Tacos y burritos la fe food truck,(505) 795-8314,5057958314,verified_on_current_source,high,https://tacos-fe.edan.io/ | https://www.restaurantji.com/nm/santa-fe/tacos-y-burritos-la-fe-/ | https://www.restaurantji.com/cache/business_page/nm/santa-fe/tacos-y-burritos-la-fe-/business.json,,4,0,Stored phone appears on at least one linked current source page.
seed-us-curated-100-tacos-bites-and-beats-food-truck-and-catering-1001-n-riverfront-blvd-dallas-texas-75207,"Tacos, Bites & Beats Food Truck & Catering",(469) 333-3166,4693333166,verified_on_current_source,high,https://tacosbitesandbeats.com/ | https://www.restaurantji.com/tx/dallas/tacos-bites-and-beats-food-truck-and-catering-/ | https://www.restaurantji.com/cache/business_page/tx/dallas/tacos-bites-and-beats-food-truck-and-catering-/business.json,,5,0,Stored phone appears on at least one linked current source page.
seed-dmv-prod-takizimo-tacos-y-mas-food-truck-virginia-beach-virginia,TAKIZIMO TACOS Y MAS FOOD TRUCK,(757) 235-8052,7572358052,verified_on_current_source,high,https://www.restaurantji.com/va/virginia-beach/takizimo-tacos-y-mas-food-truck-/,,2,0,Stored phone appears on at least one linked current source page.
aJb0Dqg7GaIYBetXr9sK,Takumi,,,missing_phone,none,,,1,0,No businessPhone is stored on the live foodTrucks document.
seed-dmv-prod-taqueria-ajua-silver-spring-maryland,Taqueria AJua!,(240) 671-8520,2406718520,verified_on_current_source,high,https://www.restaurantji.com/md/silver-spring/taqueria-ajua-/,,3,0,Stored phone appears on at least one linked current source page.
seed-us-curated-100-taqueria-arandas-street-taco-truck-759-braselton-hwy-lawrenceville-georgia-30043,Taqueria Arandas - Street Taco Truck,(770) 701-8291,7707018291,verified_on_current_source,high,https://www.restaurantji.com/ga/lawrenceville/taqueria-arandas-street-taco-truck-/ | https://www.restaurantji.com/cache/business_page/ga/lawrenceville/taqueria-arandas-street-taco-truck-/business.json,,5,0,Stored phone appears on at least one linked current source page.
seed-us-curated-100-taqueria-arandas-food-truck-2603-south-13th-street-2701-milwaukee-wisconsin-53215,Taqueria Arandas Food Truck,(414) 213-7760,4142137760,verified_on_current_source,high,https://www.restaurantji.com/wi/milwaukee/taqueria-arandas-food-truck-/ | https://www.restaurantji.com/cache/business_page/wi/milwaukee/taqueria-arandas-food-truck-/business.json,,5,0,Stored phone appears on at least one linked current source page.
w0AshUlrtJwH6VxZcQTG,Taqueria Duarte,(805) 861-6756,8058616756,not_found_on_linked_sources,review,,,1,0,Stored phone is format-valid but was not found on fetched linked source pages.
seed-us-curated-100-taquer-a-el-primo-food-truck-1624-n-washington-ave-minneapolis-minnesota-55411,taquería el primo food truck,(612) 433-1058,6124331058,verified_on_current_source,high,https://www.restaurantji.com/mn/minneapolis/taquer-a-el-primo-food-truck-/ | https://www.restaurantji.com/cache/business_page/mn/minneapolis/taquer-a-el-primo-food-truck-/business.json,,6,0,Stored phone appears on at least one linked current source page.
seed-us-curated-100-taqueria-el-rey-food-truck-2941-nw-10th-st-oklahoma-city-oklahoma-73107,Taqueria El Rey - food truck,(405) 886-0998,4058860998,verified_on_current_source,high,https://www.restaurantji.com/ok/oklahoma-city/taqueria-el-rey-food-truck-/ | https://www.restaurantji.com/cache/business_page/ok/oklahoma-city/taqueria-el-rey-food-truck-/business.json,,4,0,Stored phone appears on at least one linked current source page.
seed-dmv-prod-taqueria-el-sabor-food-truck-6-dumfries-virginia,Taqueria El Sabor Food Truck #6,(571) 510-1208,5715101208,verified_on_current_source,high,https://www.restaurantji.com/va/dumfries/taqueria-el-sabor-food-truck-6-/,,2,0,Stored phone appears on at least one linked current source page.
seed-dmv-prod-taqueria-el-tony-3-food-truck-woodbridge-virginia,TAQUERIA EL TONY 3 - Food truck,(571) 427-5215,5714275215,verified_on_current_source,high,https://www.restaurantji.com/va/woodbridge/taqueria-el-tony-3-food-truck-/,,1,1,Stored phone appears on at least one linked current source page.
seed-us-curated-100-taqueria-la-herradura-food-truck-2321-chapman-hwy-knoxville-tennessee-37920,Taqueria la herradura food truck,(865) 348-1900,8653481900,verified_on_current_source,high,https://www.restaurantji.com/tn/knoxville/taqueria-la-herradura-food-truck-3/ | https://www.restaurantji.com/cache/business_page/tn/knoxville/taqueria-la-herradura-food-truck-3/business.json,,6,0,Stored phone appears on at least one linked current source page.
seed-us-curated-100-taqueria-la-herradura-food-truck-4801-n-broadway-knoxville-tennessee-37918,Taqueria La Herradura Food Truck,(865) 686-2244,8656862244,verified_on_current_source,high,https://www.restaurantji.com/tn/knoxville/taqueria-la-herradura-food-truck-2/ | https://www.restaurantji.com/cache/business_page/tn/knoxville/taqueria-la-herradura-food-truck-2/business.json,(251) 249-9999,6,0,Stored phone appears on at least one linked current source page.
seed-dmv-prod-taqueria-la-patrona-elkridge-maryland,Taqueria la Patrona,(667) 228-4434,6672284434,verified_on_current_source,high,https://www.restaurantji.com/md/elkridge/taqueria-la-patrona-/,(667) 434-7504 | (443) 889-0413 | (443) 970-8243 | (512) 760-1314,4,0,Stored phone appears on at least one linked current source page.
seed-us-curated-100-taqueria-las-ruthis-food-truck-901-edgefield-rd-augusta-georgia-29841,Taqueria Las Ruthis Food Truck,(561) 334-7837,5613347837,verified_on_current_source,high,https://www.restaurantji.com/ga/augusta/taqueria-las-ruthis-food-truck-/ | https://www.restaurantji.com/cache/business_page/ga/augusta/taqueria-las-ruthis-food-truck-/business.json,,6,0,Stored phone appears on at least one linked current source page.
seed-dmv-prod-taqueria-los-primos-jessup-maryland-8802-washington-blvd-jessup,Taqueria los primos,(443) 766-0077,4437660077,verified_on_current_source,high,https://www.restaurantji.com/md/jessup/taqueria-los-primos-/,(301) 317-5087,2,1,Stored phone appears on at least one linked current source page.
G7UIktvA5IC0nqmAVZ4c,Taqueria San Pedro buenavista,(227) 246-7866,2272467866,source_phone_mismatch,review,,(301) 300-8861,3,2,Linked source pages exposed one or more different phone numbers.
seed-us-curated-100-thai-bloom-food-cart-4250-sw-rose-biggi-ave-beaverton-oregon-97005,Thai Bloom Food Cart,(971) 334-0556,9713340556,verified_on_current_source,high,https://www.restaurantji.com/or/beaverton/thai-bloom-food-cart-/ | https://www.restaurantji.com/cache/business_page/or/beaverton/thai-bloom-food-cart-/business.json,,5,0,Stored phone appears on at least one linked current source page.
seed-dmv-prod-thai-herbs-food-truck-fort-belvoir-virginia,Thai Herbs (Food Truck),(703) 597-2136,7035972136,verified_on_current_source,high,https://www.restaurantji.com/va/fort-belvoir/thai-herbs-food-truck-/,,2,0,Stored phone appears on at least one linked current source page.
seed-us-curated-100-the-birria-queen-food-truck-4302-almeda-rd-houston-texas-77004,The Birria Queen (Food Truck),(832) 721-6975,8327216975,verified_on_current_source,high,https://www.thebirriaqueen.com/ | https://www.restaurantji.com/tx/houston/the-birria-queen-food-truck-/ | https://www.restaurantji.com/cache/business_page/tx/houston/the-birria-queen-food-truck-/business.json,,5,0,Stored phone appears on at least one linked current source page.
seed-us-curated-100-the-cajun-connoisseur-food-truck-and-catering-2300-s-throop-st-chicago-illinois-60608,The Cajun Connoisseur Food Truck and Catering,(773) 318-1439,7733181439,verified_on_current_source,high,https://www.restaurantji.com/il/chicago/the-cajun-connoisseur-/ | https://www.restaurantji.com/cache/business_page/il/chicago/the-cajun-connoisseur-/business.json,,4,0,Stored phone appears on at least one linked current source page.
seed-dmv-prod-the-halal-kingz-woodbridge-virginia,The Halal Kingz,(202) 669-7067,2026697067,verified_on_current_source,high,https://www.restaurantji.com/va/woodbridge/the-halal-kingz-food-cart-/,,1,1,Stored phone appears on at least one linked current source page.
seed-dmv-prod-the-roaming-coyote-food-truck-burke-virginia,The Roaming Coyote Food Truck,(703) 295-2434,7032952434,verified_on_current_source,high,https://theroamingcoyote.com/ | https://www.restaurantji.com/va/burke/the-roaming-coyote-food-truck-/,,2,1,Stored phone appears on at least one linked current source page.
OT0sNsAaimnnrOo85fKL,The Smashed Cow,(320) 292-2095,3202922095,not_found_on_linked_sources,review,,,3,0,Stored phone is format-valid but was not found on fetched linked source pages.
seed-dmv-prod-three-daughter-food-truck-frederick-maryland,Three Daughter food truck,(717) 802-4615,7178024615,verified_on_current_source,high,https://www.restaurantji.com/md/frederick/three-daughter-food-truck-/,(202) 655-5813,4,0,Stored phone appears on at least one linked current source page.
seed-dmv-prod-tipico-reyes-503-food-truck-rhoadesville-virginia,Tipico Reyes 503 Food Truck,(540) 310-2707,5403102707,verified_on_current_source,high,https://www.restaurantji.com/va/rhoadesville/tipico-reyes-503-food-truck-/,,2,0,Stored phone appears on at least one linked current source page.
seed-dmv-prod-trini-vybez-food-truck-and-catering-washington-dc,Trini Vybez Food Truck and Catering,(202) 684-1116,2026841116,verified_on_current_source,high,https://www.trinivybez.com/ | https://www.restaurantji.com/dc/washington/kalus-seasoning-blends-and-catering-/,(240) 684-1116,2,1,Stored phone appears on at least one linked current source page.
seed-dmv-prod-truck-121-bbq-food-truck-harrisonburg-virginia,Truck 121 Bbq Food Truck,(540) 746-1377,5407461377,verified_on_current_source,high,https://www.restaurantji.com/va/harrisonburg/truck-121-bbq-food-truck-/,,2,0,Stored phone appears on at least one linked current source page.
VPnTW6xF9yeHLrBWzGPq,UFO SMASH AND CHICKEN,(571) 666-2576,5716662576,verified_on_current_source,high,https://ufosmashandchicken.com/,,4,0,Stored phone appears on at least one linked current source page.
seed-us-curated-100-umami-moto-food-truck-118-tulane-dr-se-albuquerque-new-mexico-87106,Umami Moto Food Truck,(216) 254-5202,2162545202,verified_on_current_source,high,https://www.umamimotofoodtruck.com/ | https://www.restaurantji.com/nm/albuquerque/umami-moto-food-truck-/ | https://www.restaurantji.com/cache/business_page/nm/albuquerque/umami-moto-food-truck-/business.json,,5,0,Stored phone appears on at least one linked current source page.
seed-us-curated-100-uptown-food-truck-3300-marjan-dr-atlanta-georgia-30304,Uptown Food Truck,(256) 648-1284,2566481284,verified_on_current_source,high,https://www.uptownfoodtruck1.com/ | https://www.restaurantji.com/ga/atlanta/uptown-food-truck-/ | https://www.restaurantji.com/cache/business_page/ga/atlanta/uptown-food-truck-/business.json,(339) 778-2999,5,0,Stored phone appears on at least one linked current source page.
seed-us-curated-100-urban-food-truck-231-e-indian-trail-rd-aurora-illinois-60505,Urban food truck,(630) 440-2780,6304402780,verified_on_current_source,high,https://www.urbanfoodtruck21.com/ | https://www.restaurantji.com/il/aurora/urban-food-truck-/ | https://www.restaurantji.com/cache/business_page/il/aurora/urban-food-truck-/business.json,,5,0,Stored phone appears on at least one linked current source page.
seed-photos-3-001-wanna-pizza-this-elkridge-maryland,Wanna Pizza This,,,missing_phone_source_candidates,review,,(410) 693-4190,5,1,"No businessPhone is stored, but linked source pages exposed possible phone candidates for manual review."
xLL4AM7XBAJzTKGt1u0r,Word Of Mouth,(240) 563-3613,2405633613,not_found_on_linked_sources,review,,,4,0,Stored phone is format-valid but was not found on fetched linked source pages.
w8wndU3wQSrTjDsXYKLh,Word of Mouth Grilling and Catering,(240) 563-3613,2405633613,source_phone_mismatch,review,,(301) 262-6200 | (240) 544-5700 | (301) 262-5013,4,0,Linked source pages exposed one or more different phone numbers.
seed-us-curated-100-yolis-kitchen-taco-truck-2345-n-academy-blvd-colorado-springs-colorado-80909,Yolis kitchen taco truck,(719) 309-7306,7193097306,verified_on_current_source,high,https://www.restaurantji.com/co/colorado-springs/yolis-kitchen-taco-truck-/ | https://www.restaurantji.com/cache/business_page/co/colorado-springs/yolis-kitchen-taco-truck-/business.json,,5,0,Stored phone appears on at least one linked current source page.
seed-dmv-prod-yumyums-smokin-grille-food-truck-district-heights-maryland,Yumyums Smokin Grille - Food Truck,(267) 974-9896,2679749896,verified_on_current_source,high,https://yumyumsgrill.com/ | https://www.restaurantji.com/md/district-heights/yumyums-smokin-grille-food-truck-/,,2,0,Stored phone appears on at least one linked current source page.
